pbindaff,Hydrophobic,Vdw,HBond,Ent,PDB
2.0000,-0.8924,-0.9144,-0.0041,0.2520,2r58
2.0700,-1.3808,-1.9616,-0.0091,0.0420,3ao4
2.1800,-1.2847,-3.0183,0.0000,0.1260,3l7d
2.2200,-1.0950,-1.4214,0.0000,0.0000,2aac
2.2600,-0.3989,-0.2161,0.0000,0.0840,1ew8
2.3000,-1.1002,-1.5435,0.0000,0.2100,3dyo
2.3000,-1.1043,-1.3726,0.0000,0.2520,4g0y
2.3700,-1.5776,-1.4097,0.0000,0.0420,3t0d
2.4000,0.0198,-1.3690,0.0000,0.2520,3dxg
2.4600,-1.4221,-2.2089,0.0000,0.0840,3l79
2.5100,-1.1961,-0.8007,0.0000,0.1260,3g30
2.5200,-1.0603,-1.3859,0.0000,0.2520,4g0q
2.5900,-1.2665,-1.7584,0.0000,0.0840,3gvb
2.6600,-2.1774,-2.7410,-0.0061,0.5040,3a1e
2.7000,-0.4818,-0.6364,-0.0100,0.0840,3bra
2.7500,-1.2567,-1.0016,0.0000,0.0420,1rql
2.8100,-0.1237,-1.6089,-0.0001,0.2520,3djx
2.8400,-1.8246,-2.0054,0.0000,0.0420,3zt2
2.8900,-0.9945,-1.1587,0.0000,0.2520,1iih
2.9200,-1.2683,-1.0563,0.0000,0.2100,2fw6
2.9400,-0.7006,-0.9997,0.0000,0.0840,2vmc
2.9600,-1.2565,-1.5883,-0.0000,0.0840,3imc
3.0000,-1.9604,-0.5991,0.0000,0.2100,1ecq
3.0000,-0.5724,-0.9987,0.0000,0.0000,3ime
3.0300,-1.0672,-1.2576,0.0000,0.1260,1ws5
3.0500,-1.4165,-1.4124,0.0000,0.3360,1f74
3.0800,-1.3929,-0.9585,-0.0075,0.0420,1y1z
3.1000,-1.3385,-1.2474,0.0000,0.2100,3f78
3.1600,-1.6404,-1.7272,-0.0007,0.0840,2ymd
3.1900,-0.3790,-1.5516,0.0000,0.4200,3dxh
3.2200,-0.5115,-0.2221,0.0000,0.0420,1ew9
3.2200,-1.0952,-1.5393,0.0000,0.0000,2uy3
3.2500,-3.0175,-3.1662,-0.0000,0.4200,3ta1
3.2800,-1.0301,-1.6655,-0.0000,0.2520,3d52
3.3000,-0.6223,-0.7150,0.0000,0.0840,1d7j
3.3000,-0.6428,-0.6107,0.0000,0.0420,3hcm
3.3300,-1.4057,-1.3519,-0.0094,0.0840,2pnc
3.3600,-2.3070,-2.2581,0.0000,0.3780,2vc7
3.3800,-1.7351,-0.9130,0.0000,0.2520,2fzg
3.4000,-1.1823,-0.8663,0.0000,0.0000,1l83
3.4000,-1.1139,-1.3549,0.0000,0.3360,2vvp
3.4200,-0.9658,-1.6681,0.0000,0.1680,2sim
3.4500,-1.6034,-2.0250,-0.0244,0.6300,3nik
3.4800,-1.1152,-1.2121,0.0000,0.2940,2p3i
3.4900,-1.1077,-1.2106,-0.0048,0.0420,1utn
3.5200,-1.3046,-1.7752,0.0000,0.1680,2vw1
3.5500,-1.0395,-2.1486,-0.0061,0.4200,1v2r
3.5700,-1.0269,-0.9430,-0.0112,0.1680,3ff3
3.6000,-0.8099,-1.0274,0.0000,0.1260,1d7i
3.6000,-1.1376,-1.4475,0.0000,0.5460,3afk
3.6100,-2.5328,-3.8901,-0.0011,0.5460,3jzj
3.6400,-1.2494,-0.6303,0.0000,0.0420,2rk8
3.6600,-0.9384,-1.3418,0.0000,0.4200,3oy8
3.6800,-1.2262,-1.3242,-0.0067,0.0000,1c3x
3.6900,0.0794,-1.3690,0.0000,0.1260,3d7b
3.7000,-0.6120,-0.7470,0.0000,0.2100,1pdz
3.7000,-1.1138,-1.2062,0.0000,0.0420,3n7a
3.7200,-0.6675,-0.7751,0.0000,0.2100,1grp
3.7300,-1.3132,-1.1559,0.0000,0.2520,3fjg
3.7600,-1.1969,-1.4212,-0.0057,0.0420,2x09
3.7700,-1.7004,-2.1649,-0.0004,0.0420,3ao2
3.8000,-1.7111,-2.0026,-0.0005,0.2520,1nje
3.8100,-0.9697,-0.6578,0.0000,0.0000,3ai8
3.8400,-1.1356,-1.4580,0.0005,0.4200,3lzz
3.8600,-1.7116,-1.4770,-0.0004,0.4200,3spf
3.8900,-2.0712,-2.5191,0.0000,0.3360,1m0q
3.9000,0.1164,-0.2293,0.0000,0.0840,1avn
3.9000,-0.9050,-1.5759,0.0000,0.4200,2vhj
3.9100,-1.8779,-2.9411,0.0000,0.4620,1kuk
3.9300,-1.5511,-1.6908,0.0000,0.0840,2a5b
3.9600,-1.4652,-2.6113,0.0000,0.2940,1mrs
3.9700,-0.9860,-2.1146,0.0000,0.2940,4agn
4.0000,-1.3344,-2.5912,0.0000,0.7560,1e5j
4.0000,-0.8122,-1.0805,0.0000,0.0000,2buv
4.0000,-1.8922,-2.8427,-0.0062,0.5040,3a1c
4.0100,-1.1352,-2.0733,-0.0091,0.4200,1v2w
4.0300,-1.0858,-2.8034,0.0000,0.0840,2qrm
4.0400,-1.1178,-0.9527,0.0000,0.0000,1li2
4.0500,-1.9350,-1.7715,-0.0002,0.0840,2w66
4.0600,-0.8870,-1.5106,0.0000,0.4620,3m3c
4.0800,-1.0004,-0.8065,0.0000,0.0840,2rke
4.0900,-1.1905,-2.2809,0.0000,0.1260,3g2n
4.1000,-3.1925,-2.1792,-0.0000,0.3780,3iod
4.1100,-0.9239,-1.3590,0.0000,0.2520,3oyw
4.1200,-1.4137,-2.2491,-0.0015,0.1680,4de2
4.1500,-1.3223,-2.4690,0.0000,0.2520,2v2q
4.1500,-1.0550,-1.2788,0.0000,0.0420,3d51
4.1700,-1.0084,-1.3443,-0.0071,0.0000,1v2s
4.1900,0.1668,-1.1329,-0.0000,0.4200,1hi3
4.1900,-2.1154,-2.7028,-0.0019,0.2520,3sv2
4.2000,-0.7714,-1.5175,0.0000,0.2520,3djp
4.2200,-1.0774,-0.9002,0.0000,0.2100,1kv5
4.2200,-1.3586,-1.4354,0.0000,0.8400,3kyq
4.2400,-1.4095,-1.0350,-0.0029,0.0000,3h78
4.2700,-1.3239,-0.8919,0.0000,0.2940,1m5w
4.2900,-2.1374,-2.0464,0.0000,0.0840,1e2l
4.3000,-1.1119,-0.5426,0.0000,0.2100,1amk
4.3000,-2.4900,-3.2560,0.0000,0.3360,3ivg
4.3100,-1.3864,-1.3180,0.0000,0.0840,1ajq
4.3200,-0.6289,-1.5106,0.0000,0.2520,4rsk
4.3400,-1.1755,-1.2088,0.0000,0.2520,2ha5
4.3500,-2.4880,-4.1710,0.0000,0.5040,3su2
4.3800,-2.2632,-2.4117,0.0000,0.8400,1bhf
4.3900,-1.2432,-1.4086,-0.0022,0.1260,2hjb
4.4000,-3.0043,-2.8446,-0.0024,0.7980,4dy6
4.4100,-1.2142,-1.7666,-0.0100,0.0420,3rsx
4.4200,-1.4783,-2.0965,-0.0071,0.1260,4ek9
4.4300,-1.0282,-1.4231,0.0000,0.4620,3m3e
4.4500,-1.6303,-2.2248,0.0000,0.2940,2wbg
4.4800,-1.4179,-2.1175,0.0000,0.3360,1jaq
4.4800,-0.9467,-1.1751,0.0000,0.0420,4dhl
4.4900,-1.2919,-1.7765,0.0000,0.0420,3hl8
4.5000,-1.6280,-2.1596,0.0000,0.1680,3sw8
4.5100,-0.9216,-1.1158,0.0000,0.1680,4g90
4.5200,-0.8455,-0.3586,-0.0048,0.1260,2a4m
4.5200,-1.0148,-0.9390,0.0000,0.0840,3r6u
4.5400,-1.0992,-1.0928,0.0000,0.0420,1oko
4.5500,-2.4662,-2.2654,0.0000,0.9660,1utc
4.5500,-1.5737,-2.0974,-0.0066,0.0000,3rr4
4.5900,-1.5493,-1.9350,-0.0085,0.0840,2jiw
4.5900,-0.9036,-1.6311,0.0000,0.1680,4g8y
4.6000,-1.3043,-0.7885,-0.0079,0.1680,2pyy
4.6000,-1.9582,-2.0447,0.0000,0.1260,2x0y
4.6100,-1.6453,-2.0738,-0.0097,0.0420,3lgs
4.6200,-1.9907,-1.6942,0.0000,0.0840,2xm2
4.6500,-2.4366,-2.9609,-0.0014,0.2520,3qtv
4.6600,-1.1558,-1.6192,0.0000,0.6300,2ha2
4.6800,-0.6404,-1.2118,0.0000,0.0420,1xge
4.6900,-1.5286,-1.2665,0.0000,0.2520,3ujd
4.7000,-1.5427,-0.8322,0.0000,0.1260,2dw7
4.7000,-0.7589,-1.0238,0.0000,0.2520,3k5i
4.7100,-1.1517,-2.0222,-0.0062,0.4200,1v2t
4.7200,-1.4694,-2.1647,0.0000,0.0420,3ebo
4.7400,-0.9984,-1.5302,0.0000,0.2520,1w4p
4.7400,-3.1338,-2.8718,-0.0080,0.3780,3lcv
4.7600,-1.4569,-1.7674,0.0000,0.0420,3o5n
4.7700,-1.3794,-1.7645,-0.0081,0.3780,3d50
4.7900,-0.6425,-1.2886,0.0000,0.3360,3eb1
4.8000,-0.8784,-1.2782,0.0000,0.5880,3bpc
4.8200,-0.7170,-1.4368,-0.0223,0.1680,1f8e
4.8200,-3.0125,-4.0235,0.0000,0.7980,2gzl
4.8200,-1.1355,-1.6507,0.0000,0.2100,3vd4
4.8500,-2.4873,-3.1505,-0.0131,0.3360,1n51
4.8500,-1.4149,-1.7488,0.0000,0.1260,2w4x
4.8500,-0.8607,-1.5495,-0.0138,0.2100,3ru1
4.8800,-0.9571,-0.7811,-0.0178,0.2100,3lp4
4.8900,-1.1336,-2.2709,-0.0061,0.1260,2vo5
4.9000,-1.4001,-1.8468,0.0000,0.0420,3cf8
4.9200,-1.3975,-1.4513,-0.0013,0.2100,1h1p
4.9300,-1.6854,-1.1849,0.0000,0.0000,2y7k
4.9400,-0.6313,-1.2157,0.0000,0.0420,2vo4
4.9500,-1.6889,-2.5071,-0.0122,0.6300,2x95
4.9600,-2.0521,-2.4867,0.0000,0.5460,1uz8
4.9600,-1.5178,-1.5316,0.0000,0.2100,3veh
5.0000,-2.3797,-2.0324,0.0000,0.4200,1byk
5.0000,-2.4806,-3.3437,0.0000,0.1680,1ql7
5.0000,-1.0266,-1.0894,0.0000,0.2100,2vxn
5.0000,-1.7475,-2.2502,-0.0010,1.2600,3omc
5.0100,-1.5886,-2.3362,-0.0004,0.1260,4dds
5.0300,-1.6963,-1.8281,0.0000,0.5040,2qt5
5.0500,-1.0328,-1.3151,-0.0001,0.0420,3s76
5.0700,-1.1863,-1.2955,-0.0005,0.0000,2c3l
5.0800,-1.6617,-2.7793,-0.0054,0.0840,3qyy
5.1000,-1.7585,-2.8364,0.0000,0.8400,1ez9
5.1000,-2.8564,-2.6527,-0.0046,0.5460,1w7g
5.1000,-1.2904,-1.3646,0.0000,0.2520,3p4v
5.1100,-1.8331,-2.7286,-0.0140,0.1260,1yp9
5.1200,-1.8933,-1.5223,-0.0001,0.1260,1qaw
5.1200,-2.0152,-2.0756,0.0000,0.0840,4f1l
5.1400,-2.0479,-2.4794,0.0000,0.2520,2yaz
5.1500,-1.3979,-2.0879,-0.0001,0.2520,1qk3
5.1600,-0.6904,-1.6275,-0.0088,0.1260,3b27
5.1800,-1.2936,-1.0791,-0.0047,0.1260,1ft7
5.1900,-0.7269,-1.0799,0.0000,0.1680,1oxr
5.2100,-1.9959,-2.6864,-0.0095,0.3780,1nw5
5.2200,-0.9363,-1.4389,-0.0043,0.1680,1o5c
5.2200,-1.0752,-2.3315,0.0000,0.4200,2hxm
5.2200,-1.6319,-1.8553,0.0000,0.4200,3iof
5.2200,-2.4216,-2.9337,-0.0000,0.3780,3qxt
5.2400,-1.4704,-1.7702,-0.0011,0.0840,1q8w
5.2400,-2.1127,-3.2119,-0.0026,1.1340,4e81
5.2600,-1.6292,-2.1475,0.0000,0.5460,3n9s
5.2800,-1.3138,-2.0063,-0.0044,0.4200,3bbf
5.3000,-1.0037,-1.8470,0.0000,1.0920,1h6h
5.3000,-1.1078,-1.3784,0.0000,0.5460,3ebb
5.3100,-1.5812,-1.8405,-0.0051,0.2940,1hk4
5.3300,-2.2466,-3.7973,0.0000,0.2520,3ozs
5.3400,-1.3592,-1.4147,0.0000,0.0840,3hkq
5.3500,-0.4674,-0.8619,0.0000,0.0000,2gkl
5.3600,-1.8784,-2.1352,0.0000,0.1260,3mf5
5.3700,-1.5659,-2.4019,0.0000,0.1260,4el5
5.3800,-3.5452,-3.9734,-0.0000,0.3360,4f7v
5.4000,-1.5789,-1.7948,0.0000,0.2520,1bp0
5.4000,-1.2120,-0.9874,0.0000,0.0840,1r9l
5.4000,-0.6926,-0.9836,0.0000,0.0840,2jdm
5.4100,-2.2703,-2.2511,0.0000,0.1260,2j47
5.4400,-0.4092,-1.3699,0.0000,0.5040,1h0a
5.4400,-2.6498,-2.6783,-0.0000,0.0420,3u10
5.4600,-0.8565,-2.0569,-0.0129,0.2940,1q65
5.4700,-2.4305,-3.8044,-0.0076,0.5880,2hf8
5.4800,-1.2947,-1.4170,-0.0091,0.0000,2cbv
5.4900,-2.1957,-3.0604,0.0000,1.0500,1pyn
5.4900,-3.6301,-3.5788,-0.0003,0.5880,3bvb
5.5100,-2.3475,-2.3768,0.0000,0.5460,2wqp
5.5200,-0.8648,-1.3827,-0.0156,0.3780,1oe8
5.5200,-0.7185,-0.9739,0.0000,0.1260,3hzm
5.5400,-2.9890,-3.2155,-0.0148,0.7140,2olb
5.5400,-3.1258,-2.8987,-0.0000,0.0840,3v78
5.5500,-1.1063,-1.1641,-0.0062,0.0000,3uzj
5.5700,-1.3159,-1.4685,0.0000,0.2520,3bex
5.5900,-1.4639,-1.7701,0.0000,0.3360,1f4x
5.6000,-0.8476,-1.1735,-0.0007,0.0000,1vfn
5.6100,-1.3165,-1.9677,0.0000,0.0420,3u5j
5.6200,-2.1513,-2.4040,-0.0002,0.1680,3ldp
5.6300,-2.1981,-2.5136,-0.0158,0.5040,3gy3
5.6400,-1.6180,-1.8393,0.0000,0.2520,1z9g
5.6400,-1.5319,-2.3487,0.0000,0.5460,3s8l
5.6600,-3.7193,-4.6075,-0.0042,1.3440,2aod
5.6700,-1.5177,-2.1486,0.0000,0.1260,2h15
5.6800,-1.5527,-1.5565,-0.0094,0.0000,2cbu
5.6800,-2.3419,-1.3521,0.0000,0.0420,4det
5.7000,-1.8551,-0.9129,-0.0024,0.1260,1jsv
5.7000,-0.8918,-1.9577,0.0000,0.2520,2h3e
5.7000,-1.1560,-1.3736,0.0000,0.0420,3d4y
5.7200,-1.0666,-1.6096,-0.0000,0.5460,1obx
5.7200,-1.7199,-2.3168,-0.0011,0.0840,4dkp
5.7400,-1.9474,-0.9890,0.0000,0.1260,1qy2
5.7400,-1.6155,-2.2985,-0.0072,0.1260,3gy2
5.7600,-2.3460,-3.1560,-0.0002,0.5040,2qta
5.7700,-0.7533,-0.9074,0.0000,0.0840,2boj
5.7900,-2.4569,-1.7555,0.0000,0.6720,1hmt
5.8000,-1.4989,-1.3376,-0.0003,0.0420,2q88
5.8200,-3.1343,-2.8896,-0.0002,0.5040,1ols
5.8200,-1.6426,-2.9175,0.0000,0.2520,3iue
5.8500,-1.5469,-2.1438,-0.0091,0.2100,1k4g
5.8500,-1.3564,-1.3812,-0.0024,0.0000,1u1w
5.8500,0.3725,-0.6950,0.0000,0.0000,2z94
5.8700,-2.0021,-2.3756,-0.0071,0.5040,3tcg
5.8900,-0.8820,-1.3297,0.0000,0.0420,2eg7
5.8900,-2.2830,-1.3096,0.0000,0.5040,3uev
5.9000,-2.8644,-4.3369,-0.0108,0.9660,3old
5.9200,-1.6951,-3.0444,0.0000,0.2100,1kyv
5.9200,-2.6347,-3.2714,-0.0205,0.7560,1qka
5.9200,-2.6446,-1.4557,0.0000,0.0420,3kgu
5.9400,-2.7748,-2.1717,0.0000,0.0840,1kv1
5.9600,-1.6311,-1.8869,-0.0069,0.2100,1o36
5.9700,-1.4106,-1.5343,0.0000,0.0420,1uwt
6.0000,-0.7597,-1.0807,0.0000,0.2520,1ado
6.0000,-2.6670,-2.1004,-0.0002,0.6720,1jq8
6.0000,-2.1944,-1.8860,-0.0103,0.2100,2izl
6.0000,-5.1573,-5.0108,-0.0054,1.3860,3bze
6.0100,-2.1023,-2.6909,-0.0114,0.5880,1b5h
6.0200,-3.1788,-3.2904,-0.0001,0.3780,3coy
6.0300,-1.8633,-1.3827,0.0000,0.4620,1n8v
6.0300,-1.8708,-2.5729,-0.0163,0.8820,2ce9
6.0500,-3.2483,-3.0530,-0.0109,0.5880,3bgb
6.0600,-2.8263,-3.2910,-0.0052,0.9240,1g7q
6.0600,-1.8562,-1.0336,0.0000,0.1680,2nnd
6.0700,-1.0779,-1.6832,-0.0081,0.0840,3b25
6.0800,-1.5917,-2.2678,0.0000,0.2940,2wc3
6.0900,-1.5896,-1.5708,0.0000,0.0000,1ogx
6.1000,-1.5152,-2.1491,0.0000,0.0000,1m2q
6.1000,-1.7736,-3.0233,0.0000,0.4620,2wed
6.1100,-2.6854,-2.9174,-0.0155,0.2100,1g32
6.1200,-2.2479,-2.3220,-0.0087,0.1680,1nc1
6.1200,-0.4363,-1.2089,-0.0004,0.0420,3qfy
6.1500,-2.0378,-2.9919,0.0000,0.3360,1zs0
6.1700,-2.4394,-2.6127,0.0000,0.2940,1d6v
6.1700,-1.0644,-1.3559,0.0000,0.2520,4aq4
6.1900,-1.7787,-2.6353,-0.0089,0.4200,1tq4
6.2000,-1.3778,-2.0941,-0.0086,0.0840,1owe
6.2000,-1.4297,-1.6940,-0.0048,0.2520,4ad2
6.2200,-2.5794,-2.5121,0.0000,0.1680,2xda
6.2200,-2.1685,-2.3335,-0.0060,0.3780,3pb3
6.2400,-1.6123,-1.8520,-0.0093,0.0420,1hnn
6.2600,-2.1917,-1.6948,-0.0086,0.2100,1wcq
6.2700,-1.6292,-1.5725,-0.0020,0.1260,3bfu
6.2800,-1.7228,-2.0224,-0.0180,0.1260,4djw
6.3000,-1.5011,-1.2694,-0.0082,0.1260,1lag
6.3000,-2.2069,-2.1642,0.0000,0.2940,2vrj
6.3100,-1.5051,-2.2106,-0.0002,0.2520,2bal
6.3200,-1.2891,-1.2647,-0.0149,0.0420,1w3j
6.3300,-2.2873,-3.9405,-0.0001,0.9660,1ex8
6.3400,-1.0900,-2.0589,0.0000,0.3780,1xq0
6.3500,-1.3625,-2.0315,-0.0022,0.5880,2p09
6.3600,-1.1490,-1.9081,-0.0077,0.0420,1c5q
6.3700,-3.5667,-3.3623,-0.0013,0.6300,1hbv
6.3700,-1.4660,-1.4276,0.0000,0.5880,3qlm
6.4000,-1.3658,-2.4709,-0.0044,0.6300,10gs
6.4000,-0.6796,-1.5203,0.0000,0.0000,1yvm
6.4000,-1.3136,-2.3710,0.0000,0.5040,3kmc
6.4100,-1.8585,-1.9534,0.0000,0.0000,2cgf
6.4100,-1.3408,-1.3735,-0.0068,0.2520,3k5x
6.4300,-1.4902,-1.7908,-0.0001,0.1680,1fh9
6.4400,-1.8570,-3.3135,0.0000,0.2100,2jh5
6.4500,-0.6352,-2.4219,-0.0244,0.7980,3qw5
6.4600,-1.2854,-1.6163,-0.0085,0.1260,2xdx
6.4800,-0.7291,-2.5015,0.0000,0.5040,1f4g
6.4800,-0.5156,-0.9511,0.0000,0.2100,3gsm
6.4900,-1.9541,-1.8534,0.0000,0.0840,3s0b
6.5100,-1.7136,-2.5271,0.0000,0.3780,2usn
6.5200,-0.9449,-0.9658,0.0000,0.1260,1alw
6.5200,-2.2106,-2.3537,0.0000,0.2100,1zhy
6.5200,-1.1967,-1.3545,0.0000,0.0420,2pfy
6.5200,-1.6496,-2.4009,-0.0073,0.5460,3o9p
6.5300,-2.2062,-2.6990,-0.0006,0.1260,3ama
6.5400,-1.7801,-2.8117,-0.0108,0.2520,2zfs
6.5500,-2.2114,-1.8218,0.0000,0.3780,1dhj
6.5500,-1.3615,-1.5777,0.0000,0.0420,1yda
6.5700,-1.8990,-2.8710,0.0000,0.3780,1sld
6.5700,-2.2256,-2.8581,-0.0099,0.3780,3qox
6.5800,-1.3183,-1.5034,0.0000,0.0840,3pb9
6.5900,-3.9705,-4.3546,0.0000,0.9240,1izi
6.5900,-0.9359,-1.3606,0.0000,0.3780,3gs6
6.6000,-5.4329,-4.1006,0.0000,1.7640,2euk
6.6000,-1.1370,-1.0182,-0.0031,0.0420,3ip6
6.6200,-1.3549,-1.9072,-0.0003,0.5880,1afk
6.6200,-2.5633,-2.7577,0.0000,0.4200,2vwc
6.6300,-2.2725,-2.2019,0.0000,0.2940,2yfe
6.6400,-1.8932,-2.1358,0.0000,0.1260,2d3z
6.6500,-1.6840,-1.8315,0.0000,0.1260,3mzc
6.6600,-2.1445,-2.1946,0.0000,0.1680,1pxp
6.6700,-1.6994,-1.7956,-0.0025,0.4620,3g19
6.6800,-1.7900,-2.2363,0.0000,0.3360,2qbs
6.6900,-2.3381,-2.4232,0.0000,0.1680,2xn5
6.7000,-0.7351,-1.5528,-0.0014,0.0000,1f3e
6.7000,-4.2094,-3.3291,0.0000,1.4700,2evl
6.7000,-1.3064,-1.1130,0.0000,0.0000,3pck
6.7200,-1.0241,-1.1078,0.0000,0.0840,2jdu
6.7200,-1.3512,-2.0831,0.0000,0.5460,3l4v
6.7400,-2.1428,-2.1617,-0.0118,0.0840,1add
6.7400,-1.3689,-1.8461,-0.0014,0.5880,3dgo
6.7600,-1.6216,-1.9123,0.0000,0.0840,2on6
6.7700,-1.6940,-1.8529,-0.0097,0.4200,1qb1
6.7900,-2.4988,-3.9377,0.0000,0.5040,3su0
6.8000,-0.1731,-2.3373,-0.0274,0.7560,3c88
6.8200,-1.5125,-2.0307,0.0000,0.1680,1fhd
6.8200,-1.5559,-1.3771,0.0000,0.2940,1uwf
6.8200,-1.5577,-1.2769,0.0000,0.2100,2rfh
6.8200,-1.5164,-2.3099,-0.0022,0.3780,3dnj
6.8400,-2.4969,-3.1148,-0.0098,0.4200,1bhx
6.8500,-1.8080,-2.8449,0.0000,0.9240,1lkk
6.8500,-1.7812,-0.9916,-0.0064,0.0840,1xt8
6.8600,-1.9150,-2.4991,0.0000,0.1260,3pyy
6.8800,-1.6214,-2.9916,-0.0057,0.3360,1xka
6.8900,-2.4771,-3.5725,-0.0021,0.3780,1sb1
6.8900,-0.8910,-1.6324,-0.0002,0.2100,2f34
6.8900,-1.3100,-1.7507,-0.0065,0.3360,3r4n
6.9200,-3.5091,-3.7563,-0.0000,0.8400,1a9m
6.9200,-1.9743,-2.2756,0.0000,0.1680,2d3u
6.9200,-2.7272,-1.6011,0.0000,0.6720,3uex
6.9600,-2.2243,-3.4891,-0.0000,0.8820,1gvw
6.9700,-1.6919,-2.0506,0.0000,0.3780,3t84
6.9900,-1.9520,-2.2151,0.0000,0.3780,4fai
7.0000,-1.5761,-2.6501,-0.0081,0.0840,1gj6
7.0000,-1.0644,-1.8232,-0.0016,0.5040,3bbb
7.0000,-1.7812,-2.1476,0.0000,0.5460,3t82
7.0000,-1.5131,-2.6482,-0.0023,0.2940,4fm7
7.0200,-1.1434,-1.7450,0.0000,0.2100,3igp
7.0300,-1.5576,-1.4085,0.0000,0.2940,4av4
7.0500,-3.2375,-3.6144,0.0000,0.6300,2jxr
7.0500,-1.7092,-1.2777,0.0000,0.2520,3s0d
7.0700,-1.3994,-1.8558,0.0000,0.0420,1ydd
7.0800,-1.3673,-1.9195,0.0000,0.3780,1xpz
7.1000,-2.2642,-3.0641,-0.0099,0.7140,1b32
7.1000,-2.5987,-2.9606,-0.0075,0.3780,3ebi
7.1200,-1.4562,-2.8422,-0.0063,0.5880,1b52
7.1200,-2.7778,-2.4285,-0.0097,0.4200,2x2r
7.1300,-1.3075,-2.3640,-0.0068,0.0420,1o3d
7.1400,-1.0878,-2.2262,-0.0027,0.1680,2vot
7.1500,-2.4730,-2.1117,-0.0007,0.1260,1pxn
7.1500,-3.1600,-4.0100,0.0000,0.2520,3fql
7.1700,-1.4039,-1.9708,-0.0053,0.2100,1o2h
7.1800,-2.2762,-1.9747,-0.0010,0.1260,2xj2
7.1900,-1.3371,-1.2092,-0.0117,0.0420,2j7h
7.2000,-1.6787,-2.6735,0.0000,0.5880,2pqb
7.2000,-1.3754,-0.9938,-0.0033,0.1260,4g8n
7.2100,-2.0131,-2.7606,-0.0026,0.4200,4b73
7.2200,-2.1435,-4.2936,-0.0104,1.2600,2er6
7.2200,-1.8722,-3.2057,-0.0014,0.2520,3m35
7.2300,-1.4366,-1.6978,0.0000,0.5040,4avh
7.2400,-1.5002,-2.3351,0.0000,0.3360,3ikg
7.2500,-2.0361,-2.6961,-0.0091,0.5460,1jet
7.2500,-1.9370,-1.8685,0.0000,0.0840,3p3r
7.2600,-1.7768,-1.6564,0.0000,0.2100,3cz1
7.2800,-1.7897,-2.3531,0.0000,0.3780,1kel
7.2800,-1.2977,-1.5712,0.0000,0.0420,2qoa
7.2800,-2.1004,-2.4180,0.0000,0.3360,3u7l
7.3000,-1.1213,-1.2052,0.0000,0.0420,1sw1
7.3000,-1.9049,-2.2426,-0.0044,0.0840,2vvn
7.3000,-1.8382,-2.1099,0.0000,0.2940,3s8x
7.3200,-2.5434,-2.8175,0.0000,0.4620,1qf1
7.3200,-2.5749,-3.7600,-0.0103,0.5460,3pww
7.3400,-2.0206,-2.5371,0.0000,0.2940,2vvs
7.3500,-1.3870,-2.2714,0.0000,0.2940,3s6t
7.3700,-1.6722,-1.8050,0.0000,0.6720,1fao
7.3800,-3.4156,-4.0003,0.0000,0.5460,2qi0
7.4000,-1.5213,-1.5233,0.0000,0.6720,1b55
7.4000,-1.7672,-2.1338,-0.0114,0.1260,1owh
7.4000,-1.8310,-2.5750,-0.0176,0.3780,2i3h
7.4000,-1.8112,-2.2619,-0.0000,0.3360,3up2
7.4200,-1.3089,-2.1090,0.0000,0.1680,1q5k
7.4300,-2.1305,-3.0783,-0.0109,0.6720,1b5j
7.4400,-2.5370,-3.0735,-0.0125,0.1260,1vzq
7.4400,-2.0890,-0.9692,0.0000,0.3780,4avj
7.4600,-2.2569,-2.7766,0.0000,0.4200,1yei
7.4600,0.0385,-1.2674,-0.0000,0.2520,3kyg
7.4700,-3.3207,-4.4290,0.0000,0.4200,3own
7.4800,-1.2253,-1.5088,-0.0079,0.2520,2qwe
7.4900,-2.6091,-3.4259,0.0000,0.1680,3nyx
7.5200,-1.6251,-1.0132,-0.0181,0.1680,1lah
7.5200,-1.7716,-1.8798,-0.0007,0.0840,2mas
7.5200,-0.4950,-2.3433,0.0000,0.2940,3myq
7.5500,-2.1142,-3.3902,-0.0056,0.2940,1lpk
7.5500,-0.9355,-1.8321,0.0000,0.2100,3b50
7.5600,-3.0010,-4.1594,0.0000,0.3780,3suf
7.5700,-3.1553,-3.7326,0.0000,0.5040,2pyn
7.5800,-3.4532,-3.2138,0.0000,0.5040,3cda
7.6000,-2.4879,-3.4410,-0.0055,0.1680,1lpz
7.6000,-2.3034,-2.9884,-0.0292,0.2100,3gc4
7.6100,-1.5742,-1.5478,-0.0029,0.1260,1ftm
7.6200,-3.6856,-4.2121,-0.0125,1.2600,2aoe
7.6200,-3.3421,-4.7438,0.0000,1.5960,3o4k
7.6400,-2.7110,-3.0138,-0.0004,0.4200,1uvt
7.6400,-1.5957,-2.2309,0.0000,0.1680,3l0v
7.6600,-2.1405,-3.3261,0.0000,0.6300,1nny
7.6600,-2.5835,-2.8368,-0.0007,0.1260,4e5w
7.6800,-2.2039,-2.9208,-0.0041,0.4620,1w0z
7.6800,-1.7408,-2.3111,0.0000,0.2100,3miy
7.7000,-4.7047,-4.5270,0.0000,0.9240,1izh
7.7000,-1.4151,-1.8108,-0.0003,0.0840,1uou
7.7000,-0.9580,-1.6610,0.0000,0.0000,2zjw
7.7000,-1.5652,-1.3941,0.0000,0.0000,3i51
7.7000,-2.4972,-2.9538,-0.0023,0.3360,4fsl
7.7200,-2.1971,-2.9505,0.0000,0.8820,1j4r
7.7400,-1.2533,-1.9486,-0.0087,0.5040,1j36
7.7400,-3.6268,-3.4808,0.0000,0.6720,1sbg
7.7600,-0.7780,-1.5790,0.0000,0.0000,2ccc
7.7700,-3.0249,-2.6353,0.0000,0.2940,2qm9
7.7700,-1.8543,-2.8691,-0.0112,0.2940,3uw4
7.8000,-0.4067,-1.2764,-0.0001,0.2100,2i19
7.8000,-1.6141,-2.2841,-0.0005,0.1680,3qgy
7.8200,-2.1137,-2.3490,0.0000,0.0000,1nvs
7.8200,-0.9325,-1.1767,0.0000,0.0840,2ptz
7.8200,-3.2734,-4.2289,0.0000,0.8400,3prs
7.8500,-4.3686,-4.2150,-0.0146,1.2180,1a94
7.8500,-1.5062,-1.1712,-0.0096,0.2100,1lst
7.8500,-1.9315,-2.5383,-0.0054,0.3360,3sut
7.8900,-2.7059,-3.8976,-0.0125,0.7980,1h2t
7.8900,-1.8155,-1.9147,0.0000,0.2520,3rz5
7.9200,-3.7904,-4.1776,0.0000,0.5460,1b6j
7.9200,-1.7615,-1.8970,0.0000,0.2940,3sbi
7.9400,-2.1911,-2.7962,-0.0013,0.1260,2ewa
7.9600,-2.5607,-3.6649,0.0000,0.6300,1epo
7.9600,-2.1621,-2.3370,0.0000,0.2100,2e1w
7.9600,-1.6129,-2.0892,-0.0005,0.0840,3bgq
7.9600,-1.1580,-1.5368,-0.0011,0.1260,3uuo
8.0000,-1.3658,-1.9835,-0.0126,0.2520,1dqn
8.0000,-2.0928,-3.3368,0.0000,0.1260,1r0p
8.0000,-1.5539,-2.0802,0.0000,0.2520,2e94
8.0000,-0.3728,-1.1878,0.0000,0.0840,2z8e
8.0000,-1.5062,-1.5151,-0.0087,0.1260,3gkz
8.0000,-2.3581,-3.4130,-0.0002,0.6720,3sio
8.0100,-0.7232,-1.5035,0.0000,0.0000,2cc7
8.0500,-1.7517,-1.5577,0.0000,0.6300,1vyf
8.0500,-1.6454,-1.3036,-0.0064,0.1680,2xxt
8.0500,-1.6409,-2.6479,0.0000,0.5040,4b8y
8.0800,-2.2537,-3.8060,0.0000,0.6300,3lil
8.1000,-4.0559,-4.3880,-0.0103,1.2600,1fzj
8.1000,-2.4240,-2.9917,-0.0122,0.1680,2cf8
8.1000,-1.2765,-2.1672,0.0000,0.3360,3nx7
8.1200,-2.7577,-3.0369,0.0000,0.3360,1o5r
8.1400,-2.0011,-2.1024,0.0000,0.0840,3b4f
8.1500,-4.7820,-5.0236,0.0000,0.7140,1w5v
8.1500,-1.1574,-0.8483,-0.0039,0.0840,3bu1
8.1700,-1.3234,-1.9488,0.0000,0.2940,3rz8
8.1900,-3.6035,-3.2386,-0.0023,1.5120,3hit
8.2200,-1.0461,-1.7204,0.0000,0.2520,1h1d
8.2200,-3.9397,-4.2042,0.0000,0.5460,3d1y
8.2300,-1.4394,-2.2356,0.0000,0.2940,3f16
8.2500,-3.0483,-3.0692,-0.0017,0.1260,1nvq
8.2700,-1.8598,-2.0551,0.0000,0.2940,2cbj
8.3000,-1.7094,-2.5383,-0.0012,0.2940,1tom
8.3000,-3.4795,-3.6237,-0.0031,0.5880,3d20
8.3000,-1.3889,-1.8538,-0.0003,0.0000,4afg
8.3300,-2.8017,-2.7480,0.0000,0.3360,1hwr
8.3500,-3.0091,-3.6439,-0.0001,0.6300,1h23
8.3600,-3.0377,-3.4444,0.0000,0.2940,3d83
8.3700,-3.3510,-4.1307,0.0000,0.5460,2nnp
8.3800,-3.2192,-4.1779,0.0000,0.6720,4a6b
8.4000,-3.3388,-4.5297,0.0000,0.4200,1fq5
8.4000,-3.4287,-3.4565,0.0000,0.3780,1z1h
8.4000,-2.7491,-2.8143,0.0000,0.4620,2qbp
8.4000,-3.9883,-4.0722,0.0000,0.3780,3b68
8.4000,-1.6859,-2.0580,-0.0208,0.2520,3sww
8.4100,-1.1148,-1.7155,0.0000,0.1680,1i9p
8.4300,-2.8008,-4.2673,0.0000,0.2940,2xbv
8.4400,-4.0170,-3.9785,0.0000,0.7980,2xyf
8.4800,-1.3447,-0.7924,0.0000,0.1680,1i9m
8.4800,-4.2447,-4.4395,0.0000,0.6720,2uxz
8.4900,-3.1881,-1.6548,0.0000,0.0420,2g5u
8.5100,-2.2638,-3.8631,-0.0000,0.2940,2vh0
8.5200,-2.6250,-3.1420,-0.0003,0.5040,1rp7
8.5200,-3.2454,-3.7825,0.0000,0.5040,2q64
8.5200,-2.9947,-4.0972,-0.0002,0.2940,3hvh
8.5400,-1.0876,-2.0312,-0.0003,0.0840,3kjd
8.5500,-3.4481,-3.2280,-0.0008,0.2940,3v51
8.5700,-1.4238,-2.2854,-0.0086,0.1680,3ejr
8.6000,-3.9016,-3.8273,0.0000,0.3780,3b66
8.6200,-1.6418,-2.0435,0.0000,0.2520,3ryz
8.6400,-2.0178,-3.0204,-0.0000,0.2940,1mue
8.6400,-1.2384,-1.7154,0.0000,0.0420,3s71
8.6800,-3.3750,-3.7146,0.0000,0.5880,2qd6
8.7000,-1.8615,-2.3269,0.0000,0.0000,1jgl
8.7000,-2.8146,-3.1771,-0.0002,0.5880,1t7j
8.7000,-3.8938,-4.1674,0.0000,0.8400,2fmb
8.7000,-2.2212,-3.6101,0.0000,0.2100,2uwo
8.7000,-2.4376,-3.6558,0.0000,0.2100,2y7z
8.7000,-2.1558,-2.8461,-0.0293,0.2100,3ge7
8.7000,-2.2655,-3.2976,0.0000,0.2520,4a7i
8.7400,-3.4313,-3.7855,-0.0165,0.5040,1b6k
8.7400,-1.6392,-2.0839,0.0000,0.2940,3rz1
8.7700,-1.9750,-2.2575,0.0000,0.0840,1x38
8.7700,-2.1237,-2.5757,-0.0004,0.0840,4e4l
8.8000,-4.0452,-4.8267,0.0000,1.4280,3rt4
8.8200,-1.9530,-2.7894,-0.0213,0.4200,2zxg
8.8500,-3.8155,-4.0555,-0.0007,0.5040,2avo
8.8900,-1.7727,-2.2878,0.0000,0.1260,1n3i
8.8900,-3.0484,-3.3162,-0.0013,0.5880,3ekp
8.9200,-2.9335,-3.1160,-0.0094,0.5460,1kzn
8.9600,-1.9153,-3.3764,0.0000,0.1680,1nfw
8.9600,-2.6105,-2.3168,-0.0088,0.2100,3v5p
9.0000,-2.5873,-4.0343,-0.0000,0.2100,1mq5
9.0000,-3.0490,-3.5821,0.0000,0.5460,2p4y
9.0000,-2.7604,-3.9617,0.0000,0.2520,3nw9
9.0100,-2.7920,-3.8562,0.0000,0.6300,2q54
9.0400,-3.6280,-3.9535,0.0000,0.6720,3vfb
9.0500,-3.3102,-3.0499,0.0000,0.1260,3hb4
9.0700,-2.3409,-2.0799,-0.0125,0.2100,3gba
9.0800,-2.9581,-4.3116,0.0000,0.3780,3sue
9.1000,-2.5562,-3.4759,-0.0003,0.5460,1h22
9.1000,-1.0174,-2.2195,0.0000,0.2520,3o56
9.1300,-2.3183,-2.2067,0.0000,0.2520,2wb5
9.1500,-2.6353,-2.3912,0.0000,0.6300,8cpa
9.1900,-1.7158,-2.2275,-0.0105,0.2940,3ozg
9.2200,-3.4913,-3.1188,0.0000,0.0840,1fcz
9.2200,-1.7287,-2.2924,-0.0017,0.1680,1x39
9.2200,-2.3694,-2.4366,-0.0011,0.2100,3rwp
9.2700,-1.6705,-2.3071,0.0000,0.0840,2xab
9.2800,-2.9281,-4.1137,0.0000,0.7980,3p8n
9.3000,-3.8405,-5.4255,0.0000,0.4200,1bv7
9.3000,-3.2449,-3.4671,-0.0002,0.5880,3nu6
9.3400,-1.7136,-1.9853,0.0000,0.2100,1bn1
9.4000,-4.5945,-4.3614,0.0000,0.7980,1ebz
9.4000,-4.0498,-3.0075,0.0000,0.1680,2o4r
9.4200,-3.7467,-3.9354,-0.0007,0.5040,1hsh
9.4700,-3.3596,-3.8034,0.0000,0.4200,1qbs
9.5200,-2.3080,-4.6680,0.0000,1.3020,1m4h
9.5200,-3.2886,-2.9518,0.0000,0.1260,3g0w
9.5500,-3.1856,-3.7405,-0.0100,0.3360,1dmp
9.6200,-3.6202,-4.1078,0.0000,0.5460,3s56
9.6400,-1.6517,-1.6868,-0.0150,0.3360,4b7r
9.7000,-4.8206,-4.6897,0.0000,0.7140,1eby
9.7000,-1.9312,-2.5204,-0.0002,0.1680,4fk6
9.7400,-3.1962,-2.9466,0.0000,0.2520,3p3g
9.8000,-3.2329,-3.4932,-0.0003,0.5880,3nuo
9.8500,-2.4901,-2.0214,0.0000,0.1680,2std
9.8900,-2.6281,-1.9204,-0.0066,0.3780,2drc
9.9200,-2.2074,-2.5311,-0.0074,0.1680,3rlb
10.0000,-1.7390,-2.1452,0.0000,0.1680,1bnn
10.0000,-3.0593,-3.7255,-0.0009,1.0500,1gar
10.0500,-2.7070,-3.4409,-0.0028,0.0840,1nm6
10.1000,-2.5403,-3.8178,0.0000,0.2100,2p16
10.2100,-2.7372,-3.2023,0.0000,0.7140,2qi7
10.3000,-3.8461,-4.3836,0.0000,0.7980,1hvs
10.3700,-2.7991,-3.1895,-0.0114,0.3360,1c4u
10.4800,-3.7263,-4.4298,0.0000,0.3780,1msm
10.5200,-1.7642,-1.9599,0.0000,0.2520,1if7
10.5700,-3.4407,-5.2418,0.0000,0.4200,1qbr
10.6000,-1.6104,-2.4780,-0.0136,0.1680,2zx6
10.6800,-2.5799,-3.6654,0.0000,0.3360,3cs7
10.7000,-2.9192,-3.4721,-0.0002,0.2520,4agc
10.8200,-1.1461,-1.1415,0.0000,0.0840,1ebg
10.9200,-4.4375,-4.4726,0.0000,0.7980,1hvi
11.0000,-3.4997,-3.3955,0.0000,0.3780,4ase
11.0600,-2.1424,-2.1799,0.0000,0.2520,1x1z
11.2000,-3.3303,-3.6809,0.0000,0.6720,2i4v
11.2800,-1.8030,-1.9774,-0.0009,0.2100,3k8q
11.3300,-2.5807,-3.0405,0.0000,0.0420,2x00
11.4200,-2.6743,-3.4770,0.0000,0.9240,1lyb
11.5700,-3.4150,-3.7208,0.0000,0.6720,2i4u
11.7400,-3.5206,-4.0156,0.0000,0.7980,4dfg
