pbindaff,6.6,7.6,8.6,16.6,6.7,7.7,8.7,16.7,6.8,7.8,8.8,16.8,6.16,7.16,8.16,16.16,6.15,7.15,8.15,16.15,6.9,7.9,8.9,16.9,6.17,7.17,8.17,16.17,6.35,7.35,8.35,16.35,6.53,7.53,8.53,16.53,PDB
6.4000,3285.0000,864.0000,809.0000,44.0000,478.0000,131.0000,125.0000,9.0000,915.0000,240.0000,233.0000,16.0000,168.0000,46.0000,42.0000,3.0000,0.0000,0.0000,0.0000,0.0000,0.0000,0.0000,0.0000,0.0000,0.0000,0.0000,0.0000,0.0000,0.0000,0.0000,0.0000,0.0000,0.0000,0.0000,0.0000,0.0000,10gs
5.6200,2290.0000,679.0000,631.0000,37.0000,230.0000,74.0000,62.0000,5.0000,765.0000,241.0000,228.0000,13.0000,0.0000,0.0000,0.0000,0.0000,124.0000,40.0000,40.0000,1.0000,259.0000,79.0000,78.0000,2.0000,0.0000,0.0000,0.0000,0.0000,0.0000,0.0000,0.0000,0.0000,0.0000,0.0000,0.0000,0.0000,1a08
6.4000,2242.0000,672.0000,623.0000,34.0000,237.0000,77.0000,67.0000,5.0000,921.0000,288.0000,277.0000,14.0000,0.0000,0.0000,0.0000,0.0000,127.0000,41.0000,42.0000,1.0000,0.0000,0.0000,0.0000,0.0000,0.0000,0.0000,0.0000,0.0000,0.0000,0.0000,0.0000,0.0000,0.0000,0.0000,0.0000,0.0000,1a1b
4.3000,2562.0000,701.0000,742.0000,2.0000,478.0000,135.0000,139.0000,1.0000,1366.0000,377.0000,414.0000,1.0000,0.0000,0.0000,0.0000,0.0000,0.0000,0.0000,0.0000,0.0000,0.0000,0.0000,0.0000,0.0000,0.0000,0.0000,0.0000,0.0000,0.0000,0.0000,0.0000,0.0000,0.0000,0.0000,0.0000,0.0000,1a30
5.3000,2084.0000,602.0000,597.0000,57.0000,804.0000,236.0000,226.0000,22.0000,1043.0000,318.0000,308.0000,28.0000,0.0000,0.0000,0.0000,0.0000,0.0000,0.0000,0.0000,0.0000,0.0000,0.0000,0.0000,0.0000,0.0000,0.0000,0.0000,0.0000,0.0000,0.0000,0.0000,0.0000,0.0000,0.0000,0.0000,0.0000,1a69
3.7200,1731.0000,421.0000,494.0000,11.0000,227.0000,58.0000,69.0000,3.0000,851.0000,217.0000,248.0000,8.0000,0.0000,0.0000,0.0000,0.0000,0.0000,0.0000,0.0000,0.0000,0.0000,0.0000,0.0000,0.0000,0.0000,0.0000,0.0000,0.0000,0.0000,0.0000,0.0000,0.0000,0.0000,0.0000,0.0000,0.0000,1ai5
2.2300,1769.0000,433.0000,508.0000,12.0000,0.0000,0.0000,0.0000,0.0000,839.0000,204.0000,241.0000,6.0000,0.0000,0.0000,0.0000,0.0000,0.0000,0.0000,0.0000,0.0000,0.0000,0.0000,0.0000,0.0000,0.0000,0.0000,0.0000,0.0000,0.0000,0.0000,0.0000,0.0000,0.0000,0.0000,0.0000,0.0000,1ajp
4.3100,1366.0000,354.0000,393.0000,12.0000,0.0000,0.0000,0.0000,0.0000,409.0000,113.0000,120.0000,3.0000,230.0000,53.0000,65.0000,1.0000,0.0000,0.0000,0.0000,0.0000,0.0000,0.0000,0.0000,0.0000,0.0000,0.0000,0.0000,0.0000,0.0000,0.0000,0.0000,0.0000,0.0000,0.0000,0.0000,0.0000,1ajq
8.0000,3779.0000,967.0000,1452.0000,0.0000,633.0000,155.0000,234.0000,0.0000,782.0000,184.0000,286.0000,0.0000,0.0000,0.0000,0.0000,0.0000,0.0000,0.0000,0.0000,0.0000,358.0000,81.0000,116.0000,0.0000,0.0000,0.0000,0.0000,0.0000,0.0000,0.0000,0.0000,0.0000,0.0000,0.0000,0.0000,0.0000,1apw
3.9000,734.0000,196.0000,167.0000,2.0000,478.0000,122.0000,106.0000,1.0000,0.0000,0.0000,0.0000,0.0000,0.0000,0.0000,0.0000,0.0000,0.0000,0.0000,0.0000,0.0000,0.0000,0.0000,0.0000,0.0000,0.0000,0.0000,0.0000,0.0000,0.0000,0.0000,0.0000,0.0000,0.0000,0.0000,0.0000,0.0000,1avn
6.9200,1923.0000,482.0000,506.0000,0.0000,999.0000,251.0000,249.0000,0.0000,2431.0000,612.0000,699.0000,0.0000,0.0000,0.0000,0.0000,0.0000,578.0000,150.0000,164.0000,0.0000,0.0000,0.0000,0.0000,0.0000,0.0000,0.0000,0.0000,0.0000,0.0000,0.0000,0.0000,0.0000,0.0000,0.0000,0.0000,0.0000,1b39
8.0200,3971.0000,1043.0000,1216.0000,38.0000,1117.0000,288.0000,346.0000,11.0000,903.0000,231.0000,272.0000,8.0000,0.0000,0.0000,0.0000,0.0000,0.0000,0.0000,0.0000,0.0000,0.0000,0.0000,0.0000,0.0000,0.0000,0.0000,0.0000,0.0000,0.0000,0.0000,0.0000,0.0000,0.0000,0.0000,0.0000,0.0000,1b7h
10.6400,2230.0000,640.0000,648.0000,25.0000,796.0000,229.0000,233.0000,12.0000,802.0000,220.0000,232.0000,10.0000,0.0000,0.0000,0.0000,0.0000,0.0000,0.0000,0.0000,0.0000,0.0000,0.0000,0.0000,0.0000,0.0000,0.0000,0.0000,0.0000,0.0000,0.0000,0.0000,0.0000,0.0000,0.0000,0.0000,0.0000,1b8o
5.9600,3954.0000,1026.0000,1210.0000,41.0000,1105.0000,283.0000,345.0000,11.0000,895.0000,233.0000,269.0000,8.0000,0.0000,0.0000,0.0000,0.0000,0.0000,0.0000,0.0000,0.0000,0.0000,0.0000,0.0000,0.0000,0.0000,0.0000,0.0000,0.0000,0.0000,0.0000,0.0000,0.0000,0.0000,0.0000,0.0000,0.0000,1b9j
3.2800,2007.0000,561.0000,660.0000,57.0000,437.0000,120.0000,147.0000,12.0000,0.0000,0.0000,0.0000,0.0000,0.0000,0.0000,0.0000,0.0000,0.0000,0.0000,0.0000,0.0000,0.0000,0.0000,0.0000,0.0000,0.0000,0.0000,0.0000,0.0000,0.0000,0.0000,0.0000,0.0000,0.0000,0.0000,0.0000,0.0000,1bcu
4.5900,3367.0000,953.0000,1037.0000,77.0000,521.0000,147.0000,168.0000,15.0000,411.0000,109.0000,132.0000,11.0000,0.0000,0.0000,0.0000,0.0000,0.0000,0.0000,0.0000,0.0000,585.0000,159.0000,184.0000,13.0000,0.0000,0.0000,0.0000,0.0000,0.0000,0.0000,0.0000,0.0000,0.0000,0.0000,0.0000,0.0000,1bma
1.8200,1311.0000,365.0000,439.0000,33.0000,363.0000,103.0000,118.0000,7.0000,0.0000,0.0000,0.0000,0.0000,0.0000,0.0000,0.0000,0.0000,0.0000,0.0000,0.0000,0.0000,0.0000,0.0000,0.0000,0.0000,0.0000,0.0000,0.0000,0.0000,0.0000,0.0000,0.0000,0.0000,0.0000,0.0000,0.0000,0.0000,1bra
10.0000,4603.0000,1192.0000,1747.0000,0.0000,608.0000,150.0000,234.0000,0.0000,1407.0000,343.0000,506.0000,0.0000,0.0000,0.0000,0.0000,0.0000,180.0000,46.0000,62.0000,0.0000,0.0000,0.0000,0.0000,0.0000,0.0000,0.0000,0.0000,0.0000,0.0000,0.0000,0.0000,0.0000,0.0000,0.0000,0.0000,0.0000,1bxo
7.5700,1343.0000,468.0000,436.0000,0.0000,225.0000,76.0000,73.0000,0.0000,1732.0000,610.0000,545.0000,0.0000,0.0000,0.0000,0.0000,0.0000,221.0000,76.0000,70.0000,0.0000,0.0000,0.0000,0.0000,0.0000,0.0000,0.0000,0.0000,0.0000,0.0000,0.0000,0.0000,0.0000,0.0000,0.0000,0.0000,0.0000,1d09
3.3000,755.0000,172.0000,176.0000,3.0000,0.0000,0.0000,0.0000,0.0000,363.0000,79.0000,86.0000,1.0000,0.0000,0.0000,0.0000,0.0000,0.0000,0.0000,0.0000,0.0000,0.0000,0.0000,0.0000,0.0000,0.0000,0.0000,0.0000,0.0000,0.0000,0.0000,0.0000,0.0000,0.0000,0.0000,0.0000,0.0000,1d7j
4.3000,1165.0000,308.0000,317.0000,0.0000,653.0000,171.0000,179.0000,0.0000,682.0000,184.0000,194.0000,0.0000,0.0000,0.0000,0.0000,0.0000,66.0000,17.0000,19.0000,0.0000,0.0000,0.0000,0.0000,0.0000,0.0000,0.0000,0.0000,0.0000,0.0000,0.0000,0.0000,0.0000,0.0000,0.0000,0.0000,0.0000,1det
9.7000,2045.0000,540.0000,582.0000,0.0000,435.0000,105.0000,119.0000,0.0000,545.0000,143.0000,156.0000,0.0000,230.0000,57.0000,67.0000,0.0000,0.0000,0.0000,0.0000,0.0000,0.0000,0.0000,0.0000,0.0000,0.0000,0.0000,0.0000,0.0000,0.0000,0.0000,0.0000,0.0000,0.0000,0.0000,0.0000,0.0000,1df8
7.2600,3202.0000,838.0000,786.0000,31.0000,1559.0000,370.0000,359.0000,19.0000,545.0000,167.0000,134.0000,4.0000,0.0000,0.0000,0.0000,0.0000,0.0000,0.0000,0.0000,0.0000,0.0000,0.0000,0.0000,0.0000,0.0000,0.0000,0.0000,0.0000,0.0000,0.0000,0.0000,0.0000,0.0000,0.0000,0.0000,0.0000,1dhi
4.9200,2377.0000,597.0000,648.0000,0.0000,1027.0000,258.0000,260.0000,0.0000,216.0000,58.0000,57.0000,0.0000,0.0000,0.0000,0.0000,0.0000,0.0000,0.0000,0.0000,0.0000,0.0000,0.0000,0.0000,0.0000,0.0000,0.0000,0.0000,0.0000,0.0000,0.0000,0.0000,0.0000,0.0000,0.0000,0.0000,0.0000,1e1v
7.6400,1134.0000,305.0000,366.0000,5.0000,0.0000,0.0000,0.0000,0.0000,160.0000,52.0000,52.0000,2.0000,0.0000,0.0000,0.0000,0.0000,0.0000,0.0000,0.0000,0.0000,0.0000,0.0000,0.0000,0.0000,0.0000,0.0000,0.0000,0.0000,556.0000,142.0000,179.0000,2.0000,0.0000,0.0000,0.0000,0.0000,1e5a
9.8900,4219.0000,871.0000,1049.0000,29.0000,461.0000,87.0000,111.0000,4.0000,0.0000,0.0000,0.0000,0.0000,0.0000,0.0000,0.0000,0.0000,0.0000,0.0000,0.0000,0.0000,0.0000,0.0000,0.0000,0.0000,211.0000,51.0000,57.0000,2.0000,0.0000,0.0000,0.0000,0.0000,0.0000,0.0000,0.0000,0.0000,1e66
6.3600,2838.0000,794.0000,886.0000,68.0000,521.0000,150.0000,168.0000,14.0000,420.0000,112.0000,132.0000,11.0000,0.0000,0.0000,0.0000,0.0000,0.0000,0.0000,0.0000,0.0000,583.0000,165.0000,190.0000,13.0000,0.0000,0.0000,0.0000,0.0000,0.0000,0.0000,0.0000,0.0000,0.0000,0.0000,0.0000,0.0000,1ela
7.1500,3121.0000,876.0000,967.0000,71.0000,555.0000,154.0000,178.0000,13.0000,416.0000,124.0000,137.0000,13.0000,0.0000,0.0000,0.0000,0.0000,0.0000,0.0000,0.0000,0.0000,472.0000,144.0000,145.0000,12.0000,0.0000,0.0000,0.0000,0.0000,0.0000,0.0000,0.0000,0.0000,0.0000,0.0000,0.0000,0.0000,1elb
2.9600,2165.0000,508.0000,509.0000,30.0000,198.0000,46.0000,45.0000,2.0000,786.0000,188.0000,179.0000,11.0000,187.0000,48.0000,43.0000,3.0000,0.0000,0.0000,0.0000,0.0000,0.0000,0.0000,0.0000,0.0000,0.0000,0.0000,0.0000,0.0000,0.0000,0.0000,0.0000,0.0000,0.0000,0.0000,0.0000,0.0000,1f4e
4.6200,3033.0000,742.0000,735.0000,37.0000,372.0000,95.0000,85.0000,4.0000,1582.0000,410.0000,373.0000,17.0000,213.0000,54.0000,46.0000,2.0000,0.0000,0.0000,0.0000,0.0000,0.0000,0.0000,0.0000,0.0000,0.0000,0.0000,0.0000,0.0000,0.0000,0.0000,0.0000,0.0000,0.0000,0.0000,0.0000,0.0000,1f4f
6.4800,3559.0000,915.0000,893.0000,41.0000,546.0000,148.0000,130.0000,5.0000,1775.0000,480.0000,440.0000,17.0000,206.0000,52.0000,45.0000,3.0000,0.0000,0.0000,0.0000,0.0000,0.0000,0.0000,0.0000,0.0000,0.0000,0.0000,0.0000,0.0000,0.0000,0.0000,0.0000,0.0000,0.0000,0.0000,0.0000,0.0000,1f4g
3.7400,1328.0000,362.0000,405.0000,34.0000,408.0000,109.0000,117.0000,9.0000,0.0000,0.0000,0.0000,0.0000,0.0000,0.0000,0.0000,0.0000,0.0000,0.0000,0.0000,0.0000,0.0000,0.0000,0.0000,0.0000,0.0000,0.0000,0.0000,0.0000,0.0000,0.0000,0.0000,0.0000,0.0000,0.0000,0.0000,0.0000,1f5k
7.1900,5790.0000,1349.0000,1360.0000,180.0000,0.0000,0.0000,0.0000,0.0000,634.0000,152.0000,160.0000,18.0000,0.0000,0.0000,0.0000,0.0000,0.0000,0.0000,0.0000,0.0000,0.0000,0.0000,0.0000,0.0000,0.0000,0.0000,0.0000,0.0000,0.0000,0.0000,0.0000,0.0000,0.0000,0.0000,0.0000,0.0000,1fcx
9.2200,5392.0000,1253.0000,1263.0000,164.0000,0.0000,0.0000,0.0000,0.0000,649.0000,155.0000,163.0000,17.0000,0.0000,0.0000,0.0000,0.0000,0.0000,0.0000,0.0000,0.0000,0.0000,0.0000,0.0000,0.0000,0.0000,0.0000,0.0000,0.0000,0.0000,0.0000,0.0000,0.0000,0.0000,0.0000,0.0000,0.0000,1fcz
8.4000,5758.0000,1341.0000,1345.0000,180.0000,249.0000,57.0000,55.0000,8.0000,640.0000,156.0000,160.0000,16.0000,0.0000,0.0000,0.0000,0.0000,0.0000,0.0000,0.0000,0.0000,0.0000,0.0000,0.0000,0.0000,0.0000,0.0000,0.0000,0.0000,0.0000,0.0000,0.0000,0.0000,0.0000,0.0000,0.0000,0.0000,1fd0
5.2400,1712.0000,514.0000,544.0000,0.0000,191.0000,57.0000,62.0000,0.0000,1200.0000,344.0000,368.0000,1.0000,0.0000,0.0000,0.0000,0.0000,0.0000,0.0000,0.0000,0.0000,0.0000,0.0000,0.0000,0.0000,0.0000,0.0000,0.0000,0.0000,0.0000,0.0000,0.0000,0.0000,0.0000,0.0000,0.0000,0.0000,1fh7
6.8900,1681.0000,506.0000,536.0000,0.0000,198.0000,61.0000,65.0000,0.0000,976.0000,281.0000,298.0000,1.0000,0.0000,0.0000,0.0000,0.0000,0.0000,0.0000,0.0000,0.0000,0.0000,0.0000,0.0000,0.0000,0.0000,0.0000,0.0000,0.0000,0.0000,0.0000,0.0000,0.0000,0.0000,0.0000,0.0000,0.0000,1fh8
6.4300,1714.0000,510.0000,546.0000,0.0000,392.0000,117.0000,124.0000,0.0000,1378.0000,404.0000,427.0000,1.0000,0.0000,0.0000,0.0000,0.0000,0.0000,0.0000,0.0000,0.0000,0.0000,0.0000,0.0000,0.0000,0.0000,0.0000,0.0000,0.0000,0.0000,0.0000,0.0000,0.0000,0.0000,0.0000,0.0000,0.0000,1fh9
9.7000,5156.0000,1102.0000,1149.0000,13.0000,179.0000,41.0000,42.0000,0.0000,1510.0000,331.0000,350.0000,3.0000,0.0000,0.0000,0.0000,0.0000,0.0000,0.0000,0.0000,0.0000,0.0000,0.0000,0.0000,0.0000,0.0000,0.0000,0.0000,0.0000,0.0000,0.0000,0.0000,0.0000,0.0000,0.0000,0.0000,0.0000,1fkb
7.0000,3323.0000,735.0000,759.0000,4.0000,177.0000,40.0000,43.0000,0.0000,935.0000,202.0000,217.0000,1.0000,0.0000,0.0000,0.0000,0.0000,0.0000,0.0000,0.0000,0.0000,0.0000,0.0000,0.0000,0.0000,0.0000,0.0000,0.0000,0.0000,0.0000,0.0000,0.0000,0.0000,0.0000,0.0000,0.0000,0.0000,1fki
8.8000,5789.0000,1583.0000,1843.0000,9.0000,1200.0000,337.0000,382.0000,1.0000,1881.0000,530.0000,615.0000,2.0000,0.0000,0.0000,0.0000,0.0000,0.0000,0.0000,0.0000,0.0000,0.0000,0.0000,0.0000,0.0000,0.0000,0.0000,0.0000,0.0000,0.0000,0.0000,0.0000,0.0000,0.0000,0.0000,0.0000,0.0000,1fkn
10.0000,3390.0000,958.0000,942.0000,23.0000,0.0000,0.0000,0.0000,0.0000,818.0000,222.0000,218.0000,3.0000,0.0000,0.0000,0.0000,0.0000,0.0000,0.0000,0.0000,0.0000,0.0000,0.0000,0.0000,0.0000,0.0000,0.0000,0.0000,0.0000,0.0000,0.0000,0.0000,0.0000,0.0000,0.0000,0.0000,0.0000,1flr
7.6100,1634.0000,381.0000,468.0000,31.0000,482.0000,112.0000,137.0000,8.0000,929.0000,219.0000,262.0000,14.0000,0.0000,0.0000,0.0000,0.0000,0.0000,0.0000,0.0000,0.0000,0.0000,0.0000,0.0000,0.0000,0.0000,0.0000,0.0000,0.0000,0.0000,0.0000,0.0000,0.0000,0.0000,0.0000,0.0000,0.0000,1ftm
8.1000,7328.0000,1537.0000,1931.0000,43.0000,1875.0000,418.0000,499.0000,13.0000,1921.0000,391.0000,485.0000,9.0000,0.0000,0.0000,0.0000,0.0000,0.0000,0.0000,0.0000,0.0000,0.0000,0.0000,0.0000,0.0000,0.0000,0.0000,0.0000,0.0000,0.0000,0.0000,0.0000,0.0000,0.0000,0.0000,0.0000,0.0000,1fzj
8.4000,7564.0000,1635.0000,1997.0000,45.0000,1574.0000,350.0000,408.0000,10.0000,1876.0000,383.0000,472.0000,8.0000,0.0000,0.0000,0.0000,0.0000,0.0000,0.0000,0.0000,0.0000,0.0000,0.0000,0.0000,0.0000,0.0000,0.0000,0.0000,0.0000,0.0000,0.0000,0.0000,0.0000,0.0000,0.0000,0.0000,0.0000,1fzk
5.4700,2560.0000,909.0000,794.0000,41.0000,212.0000,83.0000,63.0000,5.0000,1181.0000,388.0000,353.0000,14.0000,0.0000,0.0000,0.0000,0.0000,0.0000,0.0000,0.0000,0.0000,0.0000,0.0000,0.0000,0.0000,0.0000,0.0000,0.0000,0.0000,0.0000,0.0000,0.0000,0.0000,0.0000,0.0000,0.0000,0.0000,1g7f
6.0600,5242.0000,1223.0000,1399.0000,28.0000,1620.0000,395.0000,437.0000,9.0000,2061.0000,477.0000,560.0000,11.0000,0.0000,0.0000,0.0000,0.0000,0.0000,0.0000,0.0000,0.0000,0.0000,0.0000,0.0000,0.0000,0.0000,0.0000,0.0000,0.0000,0.0000,0.0000,0.0000,0.0000,0.0000,0.0000,0.0000,0.0000,1g7q
8.0700,3545.0000,924.0000,798.0000,20.0000,0.0000,0.0000,0.0000,0.0000,288.0000,82.0000,62.0000,2.0000,0.0000,0.0000,0.0000,0.0000,0.0000,0.0000,0.0000,0.0000,0.0000,0.0000,0.0000,0.0000,0.0000,0.0000,0.0000,0.0000,0.0000,0.0000,0.0000,0.0000,0.0000,0.0000,0.0000,0.0000,1gni
5.3700,3634.0000,776.0000,910.0000,24.0000,475.0000,103.0000,121.0000,2.0000,234.0000,59.0000,66.0000,2.0000,0.0000,0.0000,0.0000,0.0000,0.0000,0.0000,0.0000,0.0000,0.0000,0.0000,0.0000,0.0000,0.0000,0.0000,0.0000,0.0000,0.0000,0.0000,0.0000,0.0000,0.0000,0.0000,0.0000,0.0000,1gpk
8.3500,6011.0000,1245.0000,1521.0000,23.0000,809.0000,170.0000,214.0000,3.0000,437.0000,99.0000,115.0000,2.0000,0.0000,0.0000,0.0000,0.0000,0.0000,0.0000,0.0000,0.0000,0.0000,0.0000,0.0000,0.0000,0.0000,0.0000,0.0000,0.0000,0.0000,0.0000,0.0000,0.0000,0.0000,0.0000,0.0000,0.0000,1h23
5.5400,3531.0000,952.0000,924.0000,80.0000,0.0000,0.0000,0.0000,0.0000,741.0000,209.0000,196.0000,14.0000,0.0000,0.0000,0.0000,0.0000,0.0000,0.0000,0.0000,0.0000,0.0000,0.0000,0.0000,0.0000,0.0000,0.0000,0.0000,0.0000,0.0000,0.0000,0.0000,0.0000,0.0000,0.0000,0.0000,0.0000,1ha2
8.7000,7434.0000,1909.0000,1971.0000,27.0000,504.0000,127.0000,132.0000,2.0000,914.0000,237.0000,236.0000,5.0000,0.0000,0.0000,0.0000,0.0000,0.0000,0.0000,0.0000,0.0000,168.0000,44.0000,48.0000,1.0000,0.0000,0.0000,0.0000,0.0000,0.0000,0.0000,0.0000,0.0000,0.0000,0.0000,0.0000,0.0000,1hfs
4.4900,1301.0000,418.0000,343.0000,38.0000,646.0000,206.0000,175.0000,19.0000,1296.0000,408.0000,303.0000,29.0000,0.0000,0.0000,0.0000,0.0000,265.0000,86.0000,60.0000,6.0000,0.0000,0.0000,0.0000,0.0000,0.0000,0.0000,0.0000,0.0000,0.0000,0.0000,0.0000,0.0000,0.0000,0.0000,0.0000,0.0000,1hi4
5.3100,2097.0000,673.0000,710.0000,17.0000,125.0000,39.0000,39.0000,0.0000,499.0000,167.0000,164.0000,4.0000,0.0000,0.0000,0.0000,0.0000,0.0000,0.0000,0.0000,0.0000,0.0000,0.0000,0.0000,0.0000,0.0000,0.0000,0.0000,0.0000,0.0000,0.0000,0.0000,0.0000,585.0000,174.0000,183.0000,6.0000,1hk4
10.5200,2672.0000,694.0000,623.0000,19.0000,508.0000,136.0000,122.0000,2.0000,660.0000,189.0000,170.0000,2.0000,234.0000,67.0000,59.0000,1.0000,0.0000,0.0000,0.0000,0.0000,0.0000,0.0000,0.0000,0.0000,0.0000,0.0000,0.0000,0.0000,0.0000,0.0000,0.0000,0.0000,0.0000,0.0000,0.0000,0.0000,1if7
7.0000,2651.0000,750.0000,718.0000,35.0000,333.0000,105.0000,92.0000,6.0000,1238.0000,368.0000,365.0000,14.0000,0.0000,0.0000,0.0000,0.0000,133.0000,42.0000,39.0000,1.0000,0.0000,0.0000,0.0000,0.0000,0.0000,0.0000,0.0000,0.0000,0.0000,0.0000,0.0000,0.0000,0.0000,0.0000,0.0000,0.0000,1is0
3.8400,1245.0000,329.0000,396.0000,38.0000,402.0000,107.0000,120.0000,9.0000,0.0000,0.0000,0.0000,0.0000,0.0000,0.0000,0.0000,0.0000,0.0000,0.0000,0.0000,0.0000,0.0000,0.0000,0.0000,0.0000,0.0000,0.0000,0.0000,0.0000,0.0000,0.0000,0.0000,0.0000,0.0000,0.0000,0.0000,0.0000,1j16
5.2200,3421.0000,852.0000,1074.0000,88.0000,447.0000,111.0000,145.0000,10.0000,345.0000,98.0000,114.0000,9.0000,132.0000,36.0000,40.0000,4.0000,0.0000,0.0000,0.0000,0.0000,0.0000,0.0000,0.0000,0.0000,214.0000,52.0000,65.0000,7.0000,0.0000,0.0000,0.0000,0.0000,0.0000,0.0000,0.0000,0.0000,1j17
4.4800,1818.0000,479.0000,504.0000,11.0000,698.0000,179.0000,189.0000,4.0000,873.0000,233.0000,239.0000,5.0000,0.0000,0.0000,0.0000,0.0000,0.0000,0.0000,0.0000,0.0000,0.0000,0.0000,0.0000,0.0000,0.0000,0.0000,0.0000,0.0000,0.0000,0.0000,0.0000,0.0000,0.0000,0.0000,0.0000,0.0000,1jaq
8.4500,4131.0000,963.0000,1137.0000,81.0000,858.0000,205.0000,244.0000,16.0000,1180.0000,292.0000,330.0000,27.0000,0.0000,0.0000,0.0000,0.0000,0.0000,0.0000,0.0000,0.0000,0.0000,0.0000,0.0000,0.0000,0.0000,0.0000,0.0000,0.0000,0.0000,0.0000,0.0000,0.0000,0.0000,0.0000,0.0000,0.0000,1jq9
5.1600,2443.0000,530.0000,656.0000,44.0000,1026.0000,234.0000,301.0000,17.0000,870.0000,194.0000,230.0000,13.0000,177.0000,33.0000,44.0000,3.0000,0.0000,0.0000,0.0000,0.0000,0.0000,0.0000,0.0000,0.0000,0.0000,0.0000,0.0000,0.0000,0.0000,0.0000,0.0000,0.0000,0.0000,0.0000,0.0000,0.0000,1jqd
3.5200,876.0000,217.0000,238.0000,7.0000,859.0000,220.0000,236.0000,7.0000,0.0000,0.0000,0.0000,0.0000,0.0000,0.0000,0.0000,0.0000,0.0000,0.0000,0.0000,0.0000,0.0000,0.0000,0.0000,0.0000,0.0000,0.0000,0.0000,0.0000,0.0000,0.0000,0.0000,0.0000,0.0000,0.0000,0.0000,0.0000,1jys
5.8500,2167.0000,572.0000,617.0000,62.0000,1135.0000,284.0000,336.0000,30.0000,183.0000,46.0000,59.0000,6.0000,188.0000,49.0000,56.0000,5.0000,0.0000,0.0000,0.0000,0.0000,0.0000,0.0000,0.0000,0.0000,0.0000,0.0000,0.0000,0.0000,0.0000,0.0000,0.0000,0.0000,0.0000,0.0000,0.0000,0.0000,1k4g
6.5200,2307.0000,667.0000,662.0000,64.0000,1027.0000,291.0000,288.0000,27.0000,864.0000,265.0000,256.0000,24.0000,0.0000,0.0000,0.0000,0.0000,0.0000,0.0000,0.0000,0.0000,0.0000,0.0000,0.0000,0.0000,0.0000,0.0000,0.0000,0.0000,0.0000,0.0000,0.0000,0.0000,0.0000,0.0000,0.0000,0.0000,1k9s
5.9400,3032.0000,783.0000,777.0000,18.0000,771.0000,195.0000,199.0000,4.0000,187.0000,49.0000,52.0000,2.0000,0.0000,0.0000,0.0000,0.0000,0.0000,0.0000,0.0000,0.0000,0.0000,0.0000,0.0000,0.0000,200.0000,52.0000,55.0000,2.0000,0.0000,0.0000,0.0000,0.0000,0.0000,0.0000,0.0000,0.0000,1kv1
4.2200,424.0000,120.0000,126.0000,2.0000,0.0000,0.0000,0.0000,0.0000,1173.0000,330.0000,346.0000,5.0000,0.0000,0.0000,0.0000,0.0000,184.0000,50.0000,52.0000,1.0000,0.0000,0.0000,0.0000,0.0000,0.0000,0.0000,0.0000,0.0000,0.0000,0.0000,0.0000,0.0000,0.0000,0.0000,0.0000,0.0000,1kv5
4.5900,1631.0000,537.0000,580.0000,0.0000,173.0000,54.0000,63.0000,0.0000,714.0000,214.0000,246.0000,0.0000,320.0000,99.0000,109.0000,0.0000,0.0000,0.0000,0.0000,0.0000,0.0000,0.0000,0.0000,0.0000,111.0000,38.0000,43.0000,0.0000,0.0000,0.0000,0.0000,0.0000,0.0000,0.0000,0.0000,0.0000,1l2s
6.3900,1610.0000,410.0000,481.0000,13.0000,586.0000,155.0000,191.0000,4.0000,1393.0000,349.0000,389.0000,9.0000,0.0000,0.0000,0.0000,0.0000,127.0000,31.0000,35.0000,1.0000,0.0000,0.0000,0.0000,0.0000,0.0000,0.0000,0.0000,0.0000,0.0000,0.0000,0.0000,0.0000,0.0000,0.0000,0.0000,0.0000,1lol
3.7000,1666.0000,473.0000,427.0000,13.0000,362.0000,108.0000,101.0000,2.0000,1502.0000,416.0000,375.0000,11.0000,0.0000,0.0000,0.0000,0.0000,150.0000,40.0000,38.0000,1.0000,0.0000,0.0000,0.0000,0.0000,0.0000,0.0000,0.0000,0.0000,0.0000,0.0000,0.0000,0.0000,0.0000,0.0000,0.0000,0.0000,1loq
2.2200,2712.0000,809.0000,928.0000,26.0000,428.0000,133.0000,148.0000,4.0000,1711.0000,507.0000,580.0000,14.0000,0.0000,0.0000,0.0000,0.0000,417.0000,123.0000,147.0000,3.0000,0.0000,0.0000,0.0000,0.0000,0.0000,0.0000,0.0000,0.0000,0.0000,0.0000,0.0000,0.0000,0.0000,0.0000,0.0000,0.0000,1m0n
3.8900,2149.0000,647.0000,728.0000,20.0000,425.0000,131.0000,149.0000,4.0000,1724.0000,511.0000,586.0000,14.0000,0.0000,0.0000,0.0000,0.0000,429.0000,127.0000,149.0000,3.0000,0.0000,0.0000,0.0000,0.0000,0.0000,0.0000,0.0000,0.0000,0.0000,0.0000,0.0000,0.0000,0.0000,0.0000,0.0000,0.0000,1m0q
6.1000,2630.0000,700.0000,677.0000,19.0000,211.0000,52.0000,56.0000,2.0000,1240.0000,318.0000,322.0000,9.0000,0.0000,0.0000,0.0000,0.0000,0.0000,0.0000,0.0000,0.0000,0.0000,0.0000,0.0000,0.0000,0.0000,0.0000,0.0000,0.0000,0.0000,0.0000,0.0000,0.0000,0.0000,0.0000,0.0000,0.0000,1m2q
11.1500,3132.0000,872.0000,983.0000,79.0000,712.0000,197.0000,226.0000,16.0000,454.0000,126.0000,139.0000,10.0000,109.0000,32.0000,37.0000,3.0000,0.0000,0.0000,0.0000,0.0000,0.0000,0.0000,0.0000,0.0000,472.0000,142.0000,152.0000,14.0000,0.0000,0.0000,0.0000,0.0000,0.0000,0.0000,0.0000,0.0000,1mq6
4.0800,1619.0000,435.0000,485.0000,46.0000,798.0000,205.0000,249.0000,20.0000,391.0000,97.0000,124.0000,12.0000,0.0000,0.0000,0.0000,0.0000,0.0000,0.0000,0.0000,0.0000,0.0000,0.0000,0.0000,0.0000,0.0000,0.0000,0.0000,0.0000,0.0000,0.0000,0.0000,0.0000,0.0000,0.0000,0.0000,0.0000,1n2v
6.1200,2640.0000,690.0000,785.0000,24.0000,882.0000,234.0000,263.0000,8.0000,662.0000,172.0000,202.0000,6.0000,190.0000,54.0000,64.0000,3.0000,0.0000,0.0000,0.0000,0.0000,0.0000,0.0000,0.0000,0.0000,0.0000,0.0000,0.0000,0.0000,0.0000,0.0000,0.0000,0.0000,0.0000,0.0000,0.0000,0.0000,1nc1
5.2300,2791.0000,707.0000,667.0000,52.0000,648.0000,168.0000,168.0000,14.0000,430.0000,114.0000,109.0000,10.0000,0.0000,0.0000,0.0000,0.0000,0.0000,0.0000,0.0000,0.0000,0.0000,0.0000,0.0000,0.0000,0.0000,0.0000,0.0000,0.0000,0.0000,0.0000,0.0000,0.0000,0.0000,0.0000,0.0000,0.0000,1ndw
6.1700,3579.0000,883.0000,878.0000,66.0000,655.0000,169.0000,166.0000,15.0000,431.0000,113.0000,112.0000,10.0000,0.0000,0.0000,0.0000,0.0000,0.0000,0.0000,0.0000,0.0000,0.0000,0.0000,0.0000,0.0000,0.0000,0.0000,0.0000,0.0000,0.0000,0.0000,0.0000,0.0000,0.0000,0.0000,0.0000,0.0000,1ndy
8.1100,5062.0000,1272.0000,1333.0000,81.0000,1380.0000,357.0000,364.0000,26.0000,591.0000,152.0000,155.0000,11.0000,0.0000,0.0000,0.0000,0.0000,0.0000,0.0000,0.0000,0.0000,0.0000,0.0000,0.0000,0.0000,0.0000,0.0000,0.0000,0.0000,0.0000,0.0000,0.0000,0.0000,0.0000,0.0000,0.0000,0.0000,1ndz
8.8900,2943.0000,822.0000,946.0000,77.0000,489.0000,132.0000,155.0000,10.0000,393.0000,124.0000,129.0000,10.0000,327.0000,102.0000,107.0000,9.0000,0.0000,0.0000,0.0000,0.0000,0.0000,0.0000,0.0000,0.0000,232.0000,59.0000,68.0000,7.0000,0.0000,0.0000,0.0000,0.0000,0.0000,0.0000,0.0000,0.0000,1nfy
5.6600,3127.0000,923.0000,726.0000,29.0000,120.0000,35.0000,32.0000,1.0000,384.0000,112.0000,95.0000,3.0000,0.0000,0.0000,0.0000,0.0000,0.0000,0.0000,0.0000,0.0000,201.0000,62.0000,32.0000,3.0000,378.0000,99.0000,88.0000,3.0000,0.0000,0.0000,0.0000,0.0000,0.0000,0.0000,0.0000,0.0000,1nhu
6.3100,1725.0000,505.0000,434.0000,17.0000,616.0000,165.0000,134.0000,6.0000,1279.0000,394.0000,355.0000,12.0000,0.0000,0.0000,0.0000,0.0000,172.0000,55.0000,50.0000,2.0000,0.0000,0.0000,0.0000,0.0000,0.0000,0.0000,0.0000,0.0000,0.0000,0.0000,0.0000,0.0000,0.0000,0.0000,0.0000,0.0000,1nja
3.8000,1716.0000,505.0000,447.0000,10.0000,598.0000,157.0000,135.0000,3.0000,1237.0000,388.0000,361.0000,10.0000,0.0000,0.0000,0.0000,0.0000,169.0000,52.0000,50.0000,2.0000,0.0000,0.0000,0.0000,0.0000,0.0000,0.0000,0.0000,0.0000,0.0000,0.0000,0.0000,0.0000,0.0000,0.0000,0.0000,0.0000,1nje
7.6600,5104.0000,1623.0000,1560.0000,71.0000,322.0000,108.0000,100.0000,5.0000,1440.0000,441.0000,427.0000,18.0000,0.0000,0.0000,0.0000,0.0000,0.0000,0.0000,0.0000,0.0000,0.0000,0.0000,0.0000,0.0000,0.0000,0.0000,0.0000,0.0000,0.0000,0.0000,0.0000,0.0000,0.0000,0.0000,0.0000,0.0000,1nny
8.2500,4893.0000,1251.0000,1528.0000,27.0000,685.0000,175.0000,218.0000,4.0000,727.0000,184.0000,233.0000,4.0000,0.0000,0.0000,0.0000,0.0000,0.0000,0.0000,0.0000,0.0000,0.0000,0.0000,0.0000,0.0000,0.0000,0.0000,0.0000,0.0000,0.0000,0.0000,0.0000,0.0000,0.0000,0.0000,0.0000,0.0000,1nvq
5.9200,1083.0000,340.0000,322.0000,34.0000,561.0000,168.0000,168.0000,18.0000,1181.0000,378.0000,341.0000,23.0000,0.0000,0.0000,0.0000,0.0000,261.0000,87.0000,75.0000,4.0000,0.0000,0.0000,0.0000,0.0000,0.0000,0.0000,0.0000,0.0000,0.0000,0.0000,0.0000,0.0000,0.0000,0.0000,0.0000,0.0000,1o0h
7.9600,2914.0000,794.0000,980.0000,87.0000,527.0000,153.0000,180.0000,12.0000,151.0000,42.0000,49.0000,4.0000,0.0000,0.0000,0.0000,0.0000,0.0000,0.0000,0.0000,0.0000,0.0000,0.0000,0.0000,0.0000,0.0000,0.0000,0.0000,0.0000,0.0000,0.0000,0.0000,0.0000,0.0000,0.0000,0.0000,0.0000,1o3f
6.6600,2956.0000,818.0000,948.0000,73.0000,713.0000,204.0000,226.0000,18.0000,311.0000,81.0000,97.0000,8.0000,0.0000,0.0000,0.0000,0.0000,0.0000,0.0000,0.0000,0.0000,0.0000,0.0000,0.0000,0.0000,0.0000,0.0000,0.0000,0.0000,0.0000,0.0000,0.0000,0.0000,0.0000,0.0000,0.0000,0.0000,1o3p
5.8200,2536.0000,691.0000,801.0000,26.0000,847.0000,229.0000,260.0000,8.0000,1491.0000,459.0000,498.0000,16.0000,203.0000,58.0000,65.0000,2.0000,425.0000,127.0000,148.0000,4.0000,0.0000,0.0000,0.0000,0.0000,0.0000,0.0000,0.0000,0.0000,0.0000,0.0000,0.0000,0.0000,0.0000,0.0000,0.0000,0.0000,1ols
4.4100,2336.0000,613.0000,738.0000,22.0000,808.0000,212.0000,249.0000,8.0000,1290.0000,371.0000,439.0000,16.0000,172.0000,49.0000,55.0000,2.0000,367.0000,103.0000,132.0000,4.0000,0.0000,0.0000,0.0000,0.0000,0.0000,0.0000,0.0000,0.0000,0.0000,0.0000,0.0000,0.0000,0.0000,0.0000,0.0000,0.0000,1olu
6.7700,3391.0000,896.0000,897.0000,30.0000,410.0000,113.0000,108.0000,3.0000,625.0000,164.0000,165.0000,3.0000,0.0000,0.0000,0.0000,0.0000,0.0000,0.0000,0.0000,0.0000,0.0000,0.0000,0.0000,0.0000,0.0000,0.0000,0.0000,0.0000,0.0000,0.0000,0.0000,0.0000,0.0000,0.0000,0.0000,0.0000,1om1
4.8900,1640.0000,390.0000,481.0000,30.0000,474.0000,114.0000,136.0000,7.0000,934.0000,229.0000,273.0000,14.0000,0.0000,0.0000,0.0000,0.0000,0.0000,0.0000,0.0000,0.0000,0.0000,0.0000,0.0000,0.0000,0.0000,0.0000,0.0000,0.0000,0.0000,0.0000,0.0000,0.0000,0.0000,0.0000,0.0000,0.0000,1p1q
3.6200,754.0000,173.0000,194.0000,9.0000,489.0000,116.0000,116.0000,5.0000,496.0000,118.0000,123.0000,6.0000,0.0000,0.0000,0.0000,0.0000,0.0000,0.0000,0.0000,0.0000,0.0000,0.0000,0.0000,0.0000,0.0000,0.0000,0.0000,0.0000,0.0000,0.0000,0.0000,0.0000,0.0000,0.0000,0.0000,0.0000,1pb9
6.2700,1974.0000,473.0000,484.0000,23.0000,205.0000,50.0000,49.0000,3.0000,581.0000,140.0000,141.0000,6.0000,0.0000,0.0000,0.0000,0.0000,0.0000,0.0000,0.0000,0.0000,0.0000,0.0000,0.0000,0.0000,416.0000,95.0000,100.0000,2.0000,0.0000,0.0000,0.0000,0.0000,0.0000,0.0000,0.0000,0.0000,1pbq
5.8000,4342.0000,1130.0000,1675.0000,2.0000,468.0000,113.0000,175.0000,0.0000,1453.0000,362.0000,524.0000,0.0000,0.0000,0.0000,0.0000,0.0000,184.0000,47.0000,61.0000,0.0000,0.0000,0.0000,0.0000,0.0000,0.0000,0.0000,0.0000,0.0000,0.0000,0.0000,0.0000,0.0000,0.0000,0.0000,0.0000,0.0000,1ppm
3.9200,2022.0000,567.0000,579.0000,60.0000,693.0000,184.0000,203.0000,22.0000,763.0000,228.0000,240.0000,24.0000,0.0000,0.0000,0.0000,0.0000,0.0000,0.0000,0.0000,0.0000,0.0000,0.0000,0.0000,0.0000,0.0000,0.0000,0.0000,0.0000,0.0000,0.0000,0.0000,0.0000,0.0000,0.0000,0.0000,0.0000,1pr5
8.7000,2784.0000,681.0000,713.0000,1.0000,1207.0000,300.0000,310.0000,0.0000,354.0000,85.0000,95.0000,0.0000,221.0000,52.0000,54.0000,0.0000,0.0000,0.0000,0.0000,0.0000,0.0000,0.0000,0.0000,0.0000,0.0000,0.0000,0.0000,0.0000,0.0000,0.0000,0.0000,0.0000,0.0000,0.0000,0.0000,0.0000,1pxo
5.4000,4535.0000,1386.0000,1320.0000,23.0000,1288.0000,395.0000,397.0000,7.0000,1127.0000,348.0000,333.0000,4.0000,224.0000,63.0000,61.0000,2.0000,0.0000,0.0000,0.0000,0.0000,0.0000,0.0000,0.0000,0.0000,0.0000,0.0000,0.0000,0.0000,0.0000,0.0000,0.0000,0.0000,0.0000,0.0000,0.0000,0.0000,1pz5
7.1900,2627.0000,649.0000,728.0000,58.0000,304.0000,76.0000,89.0000,5.0000,398.0000,98.0000,111.0000,8.0000,0.0000,0.0000,0.0000,0.0000,0.0000,0.0000,0.0000,0.0000,0.0000,0.0000,0.0000,0.0000,0.0000,0.0000,0.0000,0.0000,0.0000,0.0000,0.0000,0.0000,0.0000,0.0000,0.0000,0.0000,1q7a
4.7600,2904.0000,731.0000,837.0000,25.0000,606.0000,156.0000,169.0000,4.0000,217.0000,51.0000,57.0000,2.0000,0.0000,0.0000,0.0000,0.0000,0.0000,0.0000,0.0000,0.0000,0.0000,0.0000,0.0000,0.0000,0.0000,0.0000,0.0000,0.0000,0.0000,0.0000,0.0000,0.0000,0.0000,0.0000,0.0000,0.0000,1q8t
9.5200,4991.0000,1190.0000,1482.0000,65.0000,392.0000,87.0000,114.0000,5.0000,1126.0000,277.0000,323.0000,13.0000,0.0000,0.0000,0.0000,0.0000,0.0000,0.0000,0.0000,0.0000,0.0000,0.0000,0.0000,0.0000,0.0000,0.0000,0.0000,0.0000,0.0000,0.0000,0.0000,0.0000,0.0000,0.0000,0.0000,0.0000,1re8
5.1900,1194.0000,325.0000,342.0000,0.0000,678.0000,182.0000,187.0000,0.0000,1041.0000,282.0000,309.0000,0.0000,0.0000,0.0000,0.0000,0.0000,154.0000,44.0000,49.0000,0.0000,0.0000,0.0000,0.0000,0.0000,0.0000,0.0000,0.0000,0.0000,0.0000,0.0000,0.0000,0.0000,0.0000,0.0000,0.0000,0.0000,1rnt
7.7000,1533.0000,401.0000,459.0000,43.0000,626.0000,155.0000,193.0000,14.0000,191.0000,47.0000,61.0000,6.0000,0.0000,0.0000,0.0000,0.0000,0.0000,0.0000,0.0000,0.0000,0.0000,0.0000,0.0000,0.0000,0.0000,0.0000,0.0000,0.0000,0.0000,0.0000,0.0000,0.0000,0.0000,0.0000,0.0000,0.0000,1s39
11.8500,3491.0000,920.0000,1071.0000,79.0000,1332.0000,357.0000,420.0000,35.0000,444.0000,116.0000,138.0000,10.0000,0.0000,0.0000,0.0000,0.0000,0.0000,0.0000,0.0000,0.0000,256.0000,66.0000,73.0000,5.0000,393.0000,98.0000,113.0000,10.0000,0.0000,0.0000,0.0000,0.0000,0.0000,0.0000,0.0000,0.0000,1sl3
3.9000,4537.0000,1160.0000,1305.0000,0.0000,1509.0000,371.0000,427.0000,0.0000,1361.0000,355.0000,381.0000,0.0000,0.0000,0.0000,0.0000,0.0000,0.0000,0.0000,0.0000,0.0000,0.0000,0.0000,0.0000,0.0000,0.0000,0.0000,0.0000,0.0000,0.0000,0.0000,0.0000,0.0000,0.0000,0.0000,0.0000,0.0000,1slg
9.2100,3365.0000,985.0000,1073.0000,84.0000,1037.0000,300.0000,318.0000,22.0000,115.0000,34.0000,42.0000,4.0000,0.0000,0.0000,0.0000,0.0000,0.0000,0.0000,0.0000,0.0000,0.0000,0.0000,0.0000,0.0000,0.0000,0.0000,0.0000,0.0000,0.0000,0.0000,0.0000,0.0000,0.0000,0.0000,0.0000,0.0000,1sqa
4.7400,1376.0000,336.0000,394.0000,26.0000,0.0000,0.0000,0.0000,0.0000,555.0000,133.0000,162.0000,15.0000,0.0000,0.0000,0.0000,0.0000,0.0000,0.0000,0.0000,0.0000,0.0000,0.0000,0.0000,0.0000,0.0000,0.0000,0.0000,0.0000,0.0000,0.0000,0.0000,0.0000,0.0000,0.0000,0.0000,0.0000,1sv3
6.3100,2228.0000,510.0000,648.0000,42.0000,672.0000,156.0000,197.0000,12.0000,883.0000,194.0000,254.0000,10.0000,0.0000,0.0000,0.0000,0.0000,0.0000,0.0000,0.0000,0.0000,0.0000,0.0000,0.0000,0.0000,0.0000,0.0000,0.0000,0.0000,0.0000,0.0000,0.0000,0.0000,0.0000,0.0000,0.0000,0.0000,1syh
7.3000,3907.0000,1028.0000,1213.0000,10.0000,489.0000,126.0000,145.0000,1.0000,806.0000,216.0000,257.0000,3.0000,0.0000,0.0000,0.0000,0.0000,0.0000,0.0000,0.0000,0.0000,0.0000,0.0000,0.0000,0.0000,0.0000,0.0000,0.0000,0.0000,0.0000,0.0000,0.0000,0.0000,0.0000,0.0000,0.0000,0.0000,1tmn
4.0500,1879.0000,542.0000,520.0000,9.0000,0.0000,0.0000,0.0000,0.0000,414.0000,110.0000,110.0000,3.0000,0.0000,0.0000,0.0000,0.0000,0.0000,0.0000,0.0000,0.0000,0.0000,0.0000,0.0000,0.0000,0.0000,0.0000,0.0000,0.0000,0.0000,0.0000,0.0000,0.0000,0.0000,0.0000,0.0000,0.0000,1toi
3.3900,1865.0000,561.0000,525.0000,11.0000,0.0000,0.0000,0.0000,0.0000,414.0000,116.0000,113.0000,3.0000,0.0000,0.0000,0.0000,0.0000,0.0000,0.0000,0.0000,0.0000,0.0000,0.0000,0.0000,0.0000,0.0000,0.0000,0.0000,0.0000,0.0000,0.0000,0.0000,0.0000,0.0000,0.0000,0.0000,0.0000,1toj
2.4700,832.0000,254.0000,238.0000,4.0000,0.0000,0.0000,0.0000,0.0000,822.0000,247.0000,236.0000,5.0000,0.0000,0.0000,0.0000,0.0000,0.0000,0.0000,0.0000,0.0000,0.0000,0.0000,0.0000,0.0000,0.0000,0.0000,0.0000,0.0000,0.0000,0.0000,0.0000,0.0000,0.0000,0.0000,0.0000,0.0000,1tok
5.4000,409.0000,116.0000,122.0000,2.0000,220.0000,62.0000,64.0000,1.0000,1147.0000,328.0000,344.0000,5.0000,0.0000,0.0000,0.0000,0.0000,179.0000,51.0000,54.0000,1.0000,0.0000,0.0000,0.0000,0.0000,0.0000,0.0000,0.0000,0.0000,0.0000,0.0000,0.0000,0.0000,0.0000,0.0000,0.0000,0.0000,1trd
4.9600,1698.0000,489.0000,421.0000,9.0000,409.0000,105.0000,89.0000,2.0000,1436.0000,423.0000,394.0000,10.0000,0.0000,0.0000,0.0000,0.0000,165.0000,51.0000,49.0000,2.0000,0.0000,0.0000,0.0000,0.0000,0.0000,0.0000,0.0000,0.0000,0.0000,0.0000,0.0000,0.0000,0.0000,0.0000,0.0000,0.0000,1tsy
7.3500,2364.0000,627.0000,568.0000,14.0000,242.0000,70.0000,64.0000,1.0000,1064.0000,294.0000,260.0000,5.0000,237.0000,68.0000,59.0000,1.0000,0.0000,0.0000,0.0000,0.0000,0.0000,0.0000,0.0000,0.0000,0.0000,0.0000,0.0000,0.0000,0.0000,0.0000,0.0000,0.0000,0.0000,0.0000,0.0000,0.0000,1ttm
7.0000,2041.0000,526.0000,678.0000,12.0000,0.0000,0.0000,0.0000,0.0000,167.0000,48.0000,55.0000,2.0000,0.0000,0.0000,0.0000,0.0000,0.0000,0.0000,0.0000,0.0000,0.0000,0.0000,0.0000,0.0000,0.0000,0.0000,0.0000,0.0000,0.0000,0.0000,0.0000,0.0000,0.0000,0.0000,0.0000,0.0000,1tyr
7.8000,2414.0000,726.0000,657.0000,62.0000,868.0000,253.0000,244.0000,26.0000,2088.0000,683.0000,596.0000,38.0000,0.0000,0.0000,0.0000,0.0000,386.0000,142.0000,118.0000,7.0000,0.0000,0.0000,0.0000,0.0000,0.0000,0.0000,0.0000,0.0000,0.0000,0.0000,0.0000,0.0000,0.0000,0.0000,0.0000,0.0000,1u1b
1.7400,1048.0000,292.0000,291.0000,4.0000,359.0000,109.0000,102.0000,0.0000,910.0000,250.0000,239.0000,3.0000,0.0000,0.0000,0.0000,0.0000,0.0000,0.0000,0.0000,0.0000,0.0000,0.0000,0.0000,0.0000,0.0000,0.0000,0.0000,0.0000,0.0000,0.0000,0.0000,0.0000,0.0000,0.0000,0.0000,0.0000,1u2y
4.6000,3208.0000,935.0000,869.0000,19.0000,417.0000,119.0000,113.0000,2.0000,2554.0000,716.0000,694.0000,12.0000,0.0000,0.0000,0.0000,0.0000,0.0000,0.0000,0.0000,0.0000,0.0000,0.0000,0.0000,0.0000,0.0000,0.0000,0.0000,0.0000,0.0000,0.0000,0.0000,0.0000,0.0000,0.0000,0.0000,0.0000,1u33
1.4400,1458.0000,420.0000,519.0000,45.0000,200.0000,56.0000,62.0000,4.0000,0.0000,0.0000,0.0000,0.0000,0.0000,0.0000,0.0000,0.0000,0.0000,0.0000,0.0000,0.0000,0.0000,0.0000,0.0000,0.0000,0.0000,0.0000,0.0000,0.0000,0.0000,0.0000,0.0000,0.0000,0.0000,0.0000,0.0000,0.0000,1utp
5.9700,1445.0000,387.0000,380.0000,4.0000,460.0000,122.0000,118.0000,1.0000,1185.0000,303.0000,317.0000,2.0000,0.0000,0.0000,0.0000,0.0000,0.0000,0.0000,0.0000,0.0000,0.0000,0.0000,0.0000,0.0000,0.0000,0.0000,0.0000,0.0000,0.0000,0.0000,0.0000,0.0000,0.0000,0.0000,0.0000,0.0000,1uwt
3.8700,2392.0000,642.0000,745.0000,23.0000,823.0000,219.0000,248.0000,8.0000,1347.0000,402.0000,445.0000,17.0000,178.0000,53.0000,58.0000,2.0000,385.0000,113.0000,133.0000,4.0000,0.0000,0.0000,0.0000,0.0000,0.0000,0.0000,0.0000,0.0000,0.0000,0.0000,0.0000,0.0000,0.0000,0.0000,0.0000,0.0000,1v16
4.7300,2230.0000,620.0000,764.0000,58.0000,577.0000,167.0000,198.0000,15.0000,407.0000,122.0000,155.0000,12.0000,61.0000,16.0000,22.0000,2.0000,0.0000,0.0000,0.0000,0.0000,0.0000,0.0000,0.0000,0.0000,0.0000,0.0000,0.0000,0.0000,0.0000,0.0000,0.0000,0.0000,0.0000,0.0000,0.0000,0.0000,1v2o
7.8000,1817.0000,469.0000,520.0000,29.0000,953.0000,240.0000,261.0000,18.0000,747.0000,183.0000,204.0000,14.0000,0.0000,0.0000,0.0000,0.0000,188.0000,48.0000,49.0000,4.0000,364.0000,95.0000,100.0000,6.0000,0.0000,0.0000,0.0000,0.0000,0.0000,0.0000,0.0000,0.0000,0.0000,0.0000,0.0000,0.0000,1v48
5.6000,1054.0000,280.0000,305.0000,13.0000,836.0000,223.0000,247.0000,13.0000,202.0000,53.0000,58.0000,2.0000,0.0000,0.0000,0.0000,0.0000,0.0000,0.0000,0.0000,0.0000,0.0000,0.0000,0.0000,0.0000,0.0000,0.0000,0.0000,0.0000,0.0000,0.0000,0.0000,0.0000,0.0000,0.0000,0.0000,0.0000,1vfn
7.4400,4007.0000,1050.0000,1223.0000,88.0000,697.0000,189.0000,231.0000,19.0000,782.0000,201.0000,228.0000,14.0000,0.0000,0.0000,0.0000,0.0000,0.0000,0.0000,0.0000,0.0000,0.0000,0.0000,0.0000,0.0000,0.0000,0.0000,0.0000,0.0000,0.0000,0.0000,0.0000,0.0000,0.0000,0.0000,0.0000,0.0000,1vzq
11.0600,2031.0000,557.0000,556.0000,14.0000,451.0000,127.0000,132.0000,2.0000,2066.0000,556.0000,551.0000,16.0000,0.0000,0.0000,0.0000,0.0000,177.0000,46.0000,48.0000,1.0000,0.0000,0.0000,0.0000,0.0000,0.0000,0.0000,0.0000,0.0000,0.0000,0.0000,0.0000,0.0000,0.0000,0.0000,0.0000,0.0000,1x1z
7.9200,5638.0000,1626.0000,1581.0000,21.0000,188.0000,58.0000,52.0000,1.0000,4033.0000,1143.0000,1132.0000,13.0000,0.0000,0.0000,0.0000,0.0000,0.0000,0.0000,0.0000,0.0000,0.0000,0.0000,0.0000,0.0000,0.0000,0.0000,0.0000,0.0000,0.0000,0.0000,0.0000,0.0000,0.0000,0.0000,0.0000,0.0000,1xd1
6.0000,1685.0000,562.0000,597.0000,0.0000,163.0000,52.0000,63.0000,0.0000,1063.0000,325.0000,369.0000,0.0000,311.0000,99.0000,105.0000,0.0000,0.0000,0.0000,0.0000,0.0000,0.0000,0.0000,0.0000,0.0000,0.0000,0.0000,0.0000,0.0000,0.0000,0.0000,0.0000,0.0000,0.0000,0.0000,0.0000,0.0000,1xgj
1.8200,1356.0000,314.0000,328.0000,14.0000,225.0000,57.0000,52.0000,3.0000,453.0000,106.0000,109.0000,5.0000,0.0000,0.0000,0.0000,0.0000,0.0000,0.0000,0.0000,0.0000,0.0000,0.0000,0.0000,0.0000,0.0000,0.0000,0.0000,0.0000,0.0000,0.0000,0.0000,0.0000,0.0000,0.0000,0.0000,0.0000,1y1m
11.7000,2784.0000,740.0000,834.0000,26.0000,1089.0000,289.0000,317.0000,10.0000,205.0000,53.0000,63.0000,2.0000,185.0000,51.0000,55.0000,2.0000,0.0000,0.0000,0.0000,0.0000,0.0000,0.0000,0.0000,0.0000,0.0000,0.0000,0.0000,0.0000,0.0000,0.0000,0.0000,0.0000,0.0000,0.0000,0.0000,0.0000,1y6q
7.3200,3966.0000,985.0000,1177.0000,49.0000,631.0000,161.0000,177.0000,4.0000,415.0000,114.0000,124.0000,6.0000,214.0000,58.0000,65.0000,3.0000,0.0000,0.0000,0.0000,0.0000,0.0000,0.0000,0.0000,0.0000,0.0000,0.0000,0.0000,0.0000,185.0000,50.0000,52.0000,4.0000,0.0000,0.0000,0.0000,0.0000,1ydt
3.2200,1421.0000,452.0000,500.0000,16.0000,352.0000,107.0000,123.0000,4.0000,756.0000,225.0000,267.0000,9.0000,0.0000,0.0000,0.0000,0.0000,144.0000,44.0000,52.0000,2.0000,0.0000,0.0000,0.0000,0.0000,0.0000,0.0000,0.0000,0.0000,0.0000,0.0000,0.0000,0.0000,0.0000,0.0000,0.0000,0.0000,1zc9
7.4000,1726.0000,460.0000,474.0000,15.0000,588.0000,155.0000,146.0000,3.0000,0.0000,0.0000,0.0000,0.0000,0.0000,0.0000,0.0000,0.0000,0.0000,0.0000,0.0000,0.0000,0.0000,0.0000,0.0000,0.0000,0.0000,0.0000,0.0000,0.0000,764.0000,196.0000,204.0000,8.0000,0.0000,0.0000,0.0000,0.0000,1zoe
6.1500,3083.0000,774.0000,829.0000,16.0000,145.0000,38.0000,39.0000,1.0000,1003.0000,261.0000,269.0000,5.0000,150.0000,39.0000,41.0000,1.0000,163.0000,44.0000,44.0000,1.0000,0.0000,0.0000,0.0000,0.0000,0.0000,0.0000,0.0000,0.0000,0.0000,0.0000,0.0000,0.0000,0.0000,0.0000,0.0000,0.0000,1zs0
9.2200,3079.0000,762.0000,803.0000,16.0000,165.0000,45.0000,46.0000,1.0000,995.0000,272.0000,271.0000,6.0000,162.0000,44.0000,44.0000,1.0000,161.0000,46.0000,43.0000,1.0000,0.0000,0.0000,0.0000,0.0000,0.0000,0.0000,0.0000,0.0000,0.0000,0.0000,0.0000,0.0000,0.0000,0.0000,0.0000,0.0000,1zvx
7.7300,4008.0000,877.0000,1099.0000,60.0000,597.0000,126.0000,165.0000,8.0000,245.0000,48.0000,65.0000,5.0000,0.0000,0.0000,0.0000,0.0000,0.0000,0.0000,0.0000,0.0000,0.0000,0.0000,0.0000,0.0000,147.0000,36.0000,43.0000,0.0000,0.0000,0.0000,0.0000,0.0000,0.0000,0.0000,0.0000,0.0000,2aou
7.0400,2368.0000,467.0000,618.0000,33.0000,810.0000,167.0000,204.0000,18.0000,0.0000,0.0000,0.0000,0.0000,0.0000,0.0000,0.0000,0.0000,0.0000,0.0000,0.0000,0.0000,0.0000,0.0000,0.0000,0.0000,406.0000,82.0000,109.0000,4.0000,0.0000,0.0000,0.0000,0.0000,0.0000,0.0000,0.0000,0.0000,2aov
9.2900,5815.0000,1360.0000,1368.0000,194.0000,161.0000,38.0000,39.0000,5.0000,922.0000,214.0000,223.0000,30.0000,169.0000,37.0000,42.0000,8.0000,0.0000,0.0000,0.0000,0.0000,0.0000,0.0000,0.0000,0.0000,0.0000,0.0000,0.0000,0.0000,0.0000,0.0000,0.0000,0.0000,0.0000,0.0000,0.0000,0.0000,2ayr
3.6400,1531.0000,521.0000,473.0000,18.0000,120.0000,47.0000,40.0000,2.0000,873.0000,274.0000,251.0000,12.0000,128.0000,48.0000,49.0000,2.0000,0.0000,0.0000,0.0000,0.0000,0.0000,0.0000,0.0000,0.0000,0.0000,0.0000,0.0000,0.0000,0.0000,0.0000,0.0000,0.0000,0.0000,0.0000,0.0000,0.0000,2azr
5.7400,3729.0000,839.0000,833.0000,117.0000,0.0000,0.0000,0.0000,0.0000,679.0000,154.0000,154.0000,18.0000,0.0000,0.0000,0.0000,0.0000,0.0000,0.0000,0.0000,0.0000,0.0000,0.0000,0.0000,0.0000,0.0000,0.0000,0.0000,0.0000,0.0000,0.0000,0.0000,0.0000,0.0000,0.0000,0.0000,0.0000,2b1v
8.7000,3481.0000,1018.0000,1186.0000,103.0000,923.0000,265.0000,293.0000,21.0000,690.0000,210.0000,251.0000,24.0000,0.0000,0.0000,0.0000,0.0000,0.0000,0.0000,0.0000,0.0000,0.0000,0.0000,0.0000,0.0000,0.0000,0.0000,0.0000,0.0000,0.0000,0.0000,0.0000,0.0000,0.0000,0.0000,0.0000,0.0000,2b7d
8.4000,4049.0000,1075.0000,1050.0000,26.0000,813.0000,213.0000,205.0000,4.0000,197.0000,57.0000,55.0000,2.0000,0.0000,0.0000,0.0000,0.0000,0.0000,0.0000,0.0000,0.0000,0.0000,0.0000,0.0000,0.0000,445.0000,93.0000,108.0000,3.0000,0.0000,0.0000,0.0000,0.0000,0.0000,0.0000,0.0000,0.0000,2baj
7.4300,5337.0000,1358.0000,1442.0000,52.0000,1197.0000,308.0000,327.0000,12.0000,644.0000,177.0000,194.0000,7.0000,0.0000,0.0000,0.0000,0.0000,0.0000,0.0000,0.0000,0.0000,0.0000,0.0000,0.0000,0.0000,0.0000,0.0000,0.0000,0.0000,0.0000,0.0000,0.0000,0.0000,0.0000,0.0000,0.0000,0.0000,2bak
6.5500,3347.0000,925.0000,1056.0000,90.0000,793.0000,225.0000,256.0000,21.0000,283.0000,74.0000,82.0000,9.0000,0.0000,0.0000,0.0000,0.0000,0.0000,0.0000,0.0000,0.0000,0.0000,0.0000,0.0000,0.0000,0.0000,0.0000,0.0000,0.0000,0.0000,0.0000,0.0000,0.0000,0.0000,0.0000,0.0000,0.0000,2bok
4.8600,3145.0000,809.0000,1039.0000,20.0000,582.0000,144.0000,182.0000,3.0000,374.0000,93.0000,112.0000,2.0000,0.0000,0.0000,0.0000,0.0000,0.0000,0.0000,0.0000,0.0000,0.0000,0.0000,0.0000,0.0000,0.0000,0.0000,0.0000,0.0000,0.0000,0.0000,0.0000,0.0000,0.0000,0.0000,0.0000,0.0000,2brb
5.8900,3157.0000,837.0000,1026.0000,20.0000,760.0000,189.0000,232.0000,4.0000,215.0000,52.0000,56.0000,1.0000,0.0000,0.0000,0.0000,0.0000,0.0000,0.0000,0.0000,0.0000,0.0000,0.0000,0.0000,0.0000,0.0000,0.0000,0.0000,0.0000,0.0000,0.0000,0.0000,0.0000,0.0000,0.0000,0.0000,0.0000,2brm
7.0900,2967.0000,883.0000,1050.0000,97.0000,541.0000,160.0000,178.0000,13.0000,614.0000,189.0000,222.0000,19.0000,0.0000,0.0000,0.0000,0.0000,0.0000,0.0000,0.0000,0.0000,110.0000,37.0000,38.0000,4.0000,0.0000,0.0000,0.0000,0.0000,0.0000,0.0000,0.0000,0.0000,0.0000,0.0000,0.0000,0.0000,2bz6
6.4300,2338.0000,774.0000,637.0000,58.0000,1089.0000,359.0000,304.0000,30.0000,2681.0000,844.0000,670.0000,55.0000,0.0000,0.0000,0.0000,0.0000,610.0000,190.0000,155.0000,11.0000,0.0000,0.0000,0.0000,0.0000,0.0000,0.0000,0.0000,0.0000,0.0000,0.0000,0.0000,0.0000,0.0000,0.0000,0.0000,0.0000,2bzz
4.0400,1212.0000,396.0000,320.0000,33.0000,617.0000,207.0000,170.0000,19.0000,1426.0000,420.0000,340.0000,30.0000,0.0000,0.0000,0.0000,0.0000,310.0000,95.0000,73.0000,7.0000,0.0000,0.0000,0.0000,0.0000,0.0000,0.0000,0.0000,0.0000,0.0000,0.0000,0.0000,0.0000,0.0000,0.0000,0.0000,0.0000,2c02
7.2800,1895.0000,504.0000,502.0000,7.0000,459.0000,122.0000,117.0000,1.0000,963.0000,253.0000,252.0000,2.0000,0.0000,0.0000,0.0000,0.0000,0.0000,0.0000,0.0000,0.0000,0.0000,0.0000,0.0000,0.0000,0.0000,0.0000,0.0000,0.0000,0.0000,0.0000,0.0000,0.0000,0.0000,0.0000,0.0000,0.0000,2ceq
9.2200,3452.0000,889.0000,954.0000,9.0000,457.0000,124.0000,119.0000,1.0000,975.0000,256.0000,255.0000,2.0000,0.0000,0.0000,0.0000,0.0000,0.0000,0.0000,0.0000,0.0000,0.0000,0.0000,0.0000,0.0000,0.0000,0.0000,0.0000,0.0000,0.0000,0.0000,0.0000,0.0000,0.0000,0.0000,0.0000,0.0000,2cer
8.0200,3580.0000,926.0000,909.0000,16.0000,457.0000,123.0000,116.0000,2.0000,951.0000,253.0000,250.0000,6.0000,0.0000,0.0000,0.0000,0.0000,0.0000,0.0000,0.0000,0.0000,0.0000,0.0000,0.0000,0.0000,0.0000,0.0000,0.0000,0.0000,0.0000,0.0000,0.0000,0.0000,0.0000,0.0000,0.0000,0.0000,2cet
7.2800,3387.0000,921.0000,973.0000,12.0000,726.0000,187.0000,203.0000,6.0000,241.0000,68.0000,69.0000,0.0000,0.0000,0.0000,0.0000,0.0000,0.0000,0.0000,0.0000,0.0000,0.0000,0.0000,0.0000,0.0000,0.0000,0.0000,0.0000,0.0000,0.0000,0.0000,0.0000,0.0000,0.0000,0.0000,0.0000,0.0000,2cgr
3.8900,2004.0000,573.0000,615.0000,0.0000,0.0000,0.0000,0.0000,0.0000,604.0000,182.0000,193.0000,0.0000,0.0000,0.0000,0.0000,0.0000,0.0000,0.0000,0.0000,0.0000,0.0000,0.0000,0.0000,0.0000,0.0000,0.0000,0.0000,0.0000,0.0000,0.0000,0.0000,0.0000,0.0000,0.0000,0.0000,0.0000,2ctc
5.0200,2954.0000,725.0000,695.0000,0.0000,1345.0000,297.0000,296.0000,0.0000,718.0000,182.0000,165.0000,0.0000,0.0000,0.0000,0.0000,0.0000,0.0000,0.0000,0.0000,0.0000,0.0000,0.0000,0.0000,0.0000,0.0000,0.0000,0.0000,0.0000,0.0000,0.0000,0.0000,0.0000,0.0000,0.0000,0.0000,0.0000,2d0k
7.7000,3951.0000,987.0000,1026.0000,21.0000,823.0000,209.0000,220.0000,5.0000,533.0000,135.0000,137.0000,3.0000,0.0000,0.0000,0.0000,0.0000,0.0000,0.0000,0.0000,0.0000,0.0000,0.0000,0.0000,0.0000,0.0000,0.0000,0.0000,0.0000,0.0000,0.0000,0.0000,0.0000,0.0000,0.0000,0.0000,0.0000,2d1o
6.9200,3137.0000,878.0000,745.0000,31.0000,277.0000,81.0000,64.0000,3.0000,539.0000,161.0000,130.0000,4.0000,287.0000,87.0000,76.0000,2.0000,0.0000,0.0000,0.0000,0.0000,0.0000,0.0000,0.0000,0.0000,0.0000,0.0000,0.0000,0.0000,0.0000,0.0000,0.0000,0.0000,0.0000,0.0000,0.0000,0.0000,2d3u
6.6400,2955.0000,832.0000,709.0000,30.0000,121.0000,37.0000,31.0000,1.0000,500.0000,152.0000,128.0000,4.0000,271.0000,80.0000,71.0000,2.0000,0.0000,0.0000,0.0000,0.0000,162.0000,47.0000,34.0000,2.0000,0.0000,0.0000,0.0000,0.0000,0.0000,0.0000,0.0000,0.0000,0.0000,0.0000,0.0000,0.0000,2d3z
9.8900,3191.0000,827.0000,806.0000,31.0000,1542.0000,369.0000,372.0000,18.0000,549.0000,161.0000,139.0000,4.0000,0.0000,0.0000,0.0000,0.0000,0.0000,0.0000,0.0000,0.0000,0.0000,0.0000,0.0000,0.0000,0.0000,0.0000,0.0000,0.0000,0.0000,0.0000,0.0000,0.0000,0.0000,0.0000,0.0000,0.0000,2drc
7.4000,6462.0000,1517.0000,2404.0000,9.0000,1427.0000,333.0000,535.0000,0.0000,1284.0000,283.0000,476.0000,3.0000,0.0000,0.0000,0.0000,0.0000,0.0000,0.0000,0.0000,0.0000,0.0000,0.0000,0.0000,0.0000,0.0000,0.0000,0.0000,0.0000,0.0000,0.0000,0.0000,0.0000,0.0000,0.0000,0.0000,0.0000,2er9
13.0000,2054.0000,539.0000,591.0000,0.0000,438.0000,106.0000,120.0000,0.0000,542.0000,139.0000,158.0000,0.0000,232.0000,56.0000,69.0000,0.0000,0.0000,0.0000,0.0000,0.0000,0.0000,0.0000,0.0000,0.0000,0.0000,0.0000,0.0000,0.0000,0.0000,0.0000,0.0000,0.0000,0.0000,0.0000,0.0000,0.0000,2f01
8.1800,4906.0000,1388.0000,1436.0000,6.0000,572.0000,169.0000,167.0000,1.0000,1316.0000,366.0000,379.0000,0.0000,190.0000,52.0000,61.0000,0.0000,0.0000,0.0000,0.0000,0.0000,0.0000,0.0000,0.0000,0.0000,0.0000,0.0000,0.0000,0.0000,0.0000,0.0000,0.0000,0.0000,0.0000,0.0000,0.0000,0.0000,2f80
6.2400,3905.0000,888.0000,862.0000,118.0000,0.0000,0.0000,0.0000,0.0000,669.0000,157.0000,148.0000,19.0000,0.0000,0.0000,0.0000,0.0000,0.0000,0.0000,0.0000,0.0000,0.0000,0.0000,0.0000,0.0000,0.0000,0.0000,0.0000,0.0000,0.0000,0.0000,0.0000,0.0000,0.0000,0.0000,0.0000,0.0000,2fai
7.5900,5676.0000,1507.0000,1731.0000,9.0000,727.0000,189.0000,229.0000,2.0000,490.0000,133.0000,154.0000,1.0000,0.0000,0.0000,0.0000,0.0000,0.0000,0.0000,0.0000,0.0000,170.0000,42.0000,49.0000,0.0000,0.0000,0.0000,0.0000,0.0000,0.0000,0.0000,0.0000,0.0000,0.0000,0.0000,0.0000,0.0000,2fdp
5.7400,2660.0000,772.0000,912.0000,68.0000,958.0000,306.0000,340.0000,25.0000,164.0000,52.0000,56.0000,4.0000,0.0000,0.0000,0.0000,0.0000,0.0000,0.0000,0.0000,0.0000,0.0000,0.0000,0.0000,0.0000,0.0000,0.0000,0.0000,0.0000,0.0000,0.0000,0.0000,0.0000,0.0000,0.0000,0.0000,0.0000,2flb
2.7000,1106.0000,390.0000,357.0000,0.0000,392.0000,127.0000,125.0000,0.0000,1343.0000,506.0000,440.0000,0.0000,0.0000,0.0000,0.0000,0.0000,327.0000,126.0000,108.0000,0.0000,0.0000,0.0000,0.0000,0.0000,0.0000,0.0000,0.0000,0.0000,0.0000,0.0000,0.0000,0.0000,0.0000,0.0000,0.0000,0.0000,2fzc
8.4900,2380.0000,624.0000,756.0000,18.0000,0.0000,0.0000,0.0000,0.0000,388.0000,105.0000,119.0000,2.0000,0.0000,0.0000,0.0000,0.0000,0.0000,0.0000,0.0000,0.0000,0.0000,0.0000,0.0000,0.0000,783.0000,194.0000,252.0000,5.0000,0.0000,0.0000,0.0000,0.0000,0.0000,0.0000,0.0000,0.0000,2g5u
3.9900,1493.0000,466.0000,393.0000,31.0000,255.0000,91.0000,72.0000,6.0000,692.0000,227.0000,195.0000,15.0000,0.0000,0.0000,0.0000,0.0000,0.0000,0.0000,0.0000,0.0000,0.0000,0.0000,0.0000,0.0000,0.0000,0.0000,0.0000,0.0000,0.0000,0.0000,0.0000,0.0000,0.0000,0.0000,0.0000,0.0000,2g8r
9.5200,5110.0000,1344.0000,1570.0000,12.0000,1008.0000,266.0000,324.0000,3.0000,1256.0000,357.0000,424.0000,2.0000,132.0000,41.0000,49.0000,0.0000,0.0000,0.0000,0.0000,0.0000,0.0000,0.0000,0.0000,0.0000,0.0000,0.0000,0.0000,0.0000,0.0000,0.0000,0.0000,0.0000,0.0000,0.0000,0.0000,0.0000,2g94
4.9400,1828.0000,474.0000,470.0000,12.0000,0.0000,0.0000,0.0000,0.0000,598.0000,167.0000,167.0000,7.0000,0.0000,0.0000,0.0000,0.0000,0.0000,0.0000,0.0000,0.0000,0.0000,0.0000,0.0000,0.0000,327.0000,87.0000,76.0000,2.0000,0.0000,0.0000,0.0000,0.0000,0.0000,0.0000,0.0000,0.0000,2gss
5.7000,1381.0000,478.0000,440.0000,0.0000,457.0000,161.0000,148.0000,0.0000,1552.0000,531.0000,495.0000,0.0000,0.0000,0.0000,0.0000,0.0000,222.0000,76.0000,74.0000,0.0000,0.0000,0.0000,0.0000,0.0000,0.0000,0.0000,0.0000,0.0000,0.0000,0.0000,0.0000,0.0000,0.0000,0.0000,0.0000,0.0000,2h3e
1.4000,858.0000,268.0000,262.0000,5.0000,0.0000,0.0000,0.0000,0.0000,368.0000,112.0000,116.0000,2.0000,149.0000,46.0000,48.0000,1.0000,0.0000,0.0000,0.0000,0.0000,0.0000,0.0000,0.0000,0.0000,0.0000,0.0000,0.0000,0.0000,0.0000,0.0000,0.0000,0.0000,0.0000,0.0000,0.0000,0.0000,2hdq
12.1000,5337.0000,1470.0000,1549.0000,4.0000,540.0000,153.0000,158.0000,0.0000,1371.0000,371.0000,409.0000,0.0000,184.0000,50.0000,62.0000,0.0000,0.0000,0.0000,0.0000,0.0000,0.0000,0.0000,0.0000,0.0000,0.0000,0.0000,0.0000,0.0000,0.0000,0.0000,0.0000,0.0000,0.0000,0.0000,0.0000,0.0000,2i0d
4.8900,1419.0000,387.0000,378.0000,6.0000,230.0000,63.0000,61.0000,1.0000,954.0000,259.0000,257.0000,5.0000,0.0000,0.0000,0.0000,0.0000,0.0000,0.0000,0.0000,0.0000,0.0000,0.0000,0.0000,0.0000,0.0000,0.0000,0.0000,0.0000,0.0000,0.0000,0.0000,0.0000,0.0000,0.0000,0.0000,0.0000,2j77
6.4200,1408.0000,378.0000,385.0000,6.0000,457.0000,117.0000,117.0000,2.0000,1175.0000,307.0000,310.0000,7.0000,0.0000,0.0000,0.0000,0.0000,0.0000,0.0000,0.0000,0.0000,0.0000,0.0000,0.0000,0.0000,0.0000,0.0000,0.0000,0.0000,0.0000,0.0000,0.0000,0.0000,0.0000,0.0000,0.0000,0.0000,2j78
2.7400,1864.0000,635.0000,643.0000,1.0000,176.0000,61.0000,61.0000,0.0000,1476.0000,507.0000,513.0000,2.0000,0.0000,0.0000,0.0000,0.0000,0.0000,0.0000,0.0000,0.0000,0.0000,0.0000,0.0000,0.0000,0.0000,0.0000,0.0000,0.0000,0.0000,0.0000,0.0000,0.0000,0.0000,0.0000,0.0000,0.0000,2qwb
4.8500,1877.0000,639.0000,645.0000,1.0000,362.0000,119.0000,122.0000,0.0000,1141.0000,403.0000,397.0000,2.0000,0.0000,0.0000,0.0000,0.0000,0.0000,0.0000,0.0000,0.0000,0.0000,0.0000,0.0000,0.0000,0.0000,0.0000,0.0000,0.0000,0.0000,0.0000,0.0000,0.0000,0.0000,0.0000,0.0000,0.0000,2qwd
7.4800,2056.0000,697.0000,708.0000,2.0000,763.0000,241.0000,259.0000,2.0000,1133.0000,400.0000,397.0000,1.0000,0.0000,0.0000,0.0000,0.0000,0.0000,0.0000,0.0000,0.0000,0.0000,0.0000,0.0000,0.0000,0.0000,0.0000,0.0000,0.0000,0.0000,0.0000,0.0000,0.0000,0.0000,0.0000,0.0000,0.0000,2qwe
3.9000,2583.0000,680.0000,768.0000,26.0000,876.0000,222.0000,261.0000,8.0000,654.0000,164.0000,190.0000,6.0000,0.0000,0.0000,0.0000,0.0000,0.0000,0.0000,0.0000,0.0000,0.0000,0.0000,0.0000,0.0000,0.0000,0.0000,0.0000,0.0000,0.0000,0.0000,0.0000,0.0000,0.0000,0.0000,0.0000,0.0000,2rkm
9.8500,3684.0000,852.0000,784.0000,23.0000,255.0000,59.0000,54.0000,2.0000,255.0000,56.0000,53.0000,2.0000,0.0000,0.0000,0.0000,0.0000,0.0000,0.0000,0.0000,0.0000,0.0000,0.0000,0.0000,0.0000,704.0000,158.0000,155.0000,3.0000,0.0000,0.0000,0.0000,0.0000,0.0000,0.0000,0.0000,0.0000,2std
6.5100,2559.0000,687.0000,648.0000,4.0000,683.0000,182.0000,176.0000,3.0000,417.0000,119.0000,115.0000,1.0000,356.0000,94.0000,81.0000,2.0000,0.0000,0.0000,0.0000,0.0000,0.0000,0.0000,0.0000,0.0000,0.0000,0.0000,0.0000,0.0000,0.0000,0.0000,0.0000,0.0000,0.0000,0.0000,0.0000,0.0000,2usn
5.8200,3211.0000,864.0000,807.0000,43.0000,482.0000,135.0000,122.0000,10.0000,1282.0000,339.0000,336.0000,18.0000,165.0000,45.0000,38.0000,2.0000,0.0000,0.0000,0.0000,0.0000,0.0000,0.0000,0.0000,0.0000,227.0000,64.0000,67.0000,2.0000,0.0000,0.0000,0.0000,0.0000,0.0000,0.0000,0.0000,0.0000,3gss
2.0000,1799.0000,509.0000,472.0000,13.0000,0.0000,0.0000,0.0000,0.0000,615.0000,182.0000,167.0000,5.0000,0.0000,0.0000,0.0000,0.0000,0.0000,0.0000,0.0000,0.0000,0.0000,0.0000,0.0000,0.0000,0.0000,0.0000,0.0000,0.0000,0.0000,0.0000,0.0000,0.0000,0.0000,0.0000,0.0000,0.0000,3pce
5.4000,1566.0000,455.0000,430.0000,13.0000,0.0000,0.0000,0.0000,0.0000,625.0000,187.0000,173.0000,5.0000,0.0000,0.0000,0.0000,0.0000,0.0000,0.0000,0.0000,0.0000,0.0000,0.0000,0.0000,0.0000,0.0000,0.0000,0.0000,0.0000,0.0000,0.0000,0.0000,0.0000,0.0000,0.0000,0.0000,0.0000,3pch
7.2200,1338.0000,385.0000,372.0000,10.0000,236.0000,68.0000,58.0000,2.0000,883.0000,246.0000,236.0000,6.0000,0.0000,0.0000,0.0000,0.0000,0.0000,0.0000,0.0000,0.0000,0.0000,0.0000,0.0000,0.0000,0.0000,0.0000,0.0000,0.0000,0.0000,0.0000,0.0000,0.0000,0.0000,0.0000,0.0000,0.0000,3pcj
11.1100,5521.0000,1320.0000,1209.0000,35.0000,972.0000,217.0000,210.0000,5.0000,0.0000,0.0000,0.0000,0.0000,0.0000,0.0000,0.0000,0.0000,0.0000,0.0000,0.0000,0.0000,0.0000,0.0000,0.0000,0.0000,0.0000,0.0000,0.0000,0.0000,0.0000,0.0000,0.0000,0.0000,0.0000,0.0000,0.0000,0.0000,3std
9.3000,4945.0000,1145.0000,1812.0000,0.0000,749.0000,170.0000,270.0000,0.0000,1146.0000,239.0000,426.0000,0.0000,0.0000,0.0000,0.0000,0.0000,0.0000,0.0000,0.0000,0.0000,0.0000,0.0000,0.0000,0.0000,0.0000,0.0000,0.0000,0.0000,0.0000,0.0000,0.0000,0.0000,0.0000,0.0000,0.0000,0.0000,4er2
2.1600,630.0000,175.0000,184.0000,3.0000,0.0000,0.0000,0.0000,0.0000,1379.0000,384.0000,399.0000,7.0000,0.0000,0.0000,0.0000,0.0000,179.0000,51.0000,50.0000,1.0000,0.0000,0.0000,0.0000,0.0000,0.0000,0.0000,0.0000,0.0000,0.0000,0.0000,0.0000,0.0000,0.0000,0.0000,0.0000,0.0000,4tim
3.7200,1151.0000,320.0000,355.0000,6.0000,376.0000,97.0000,112.0000,1.0000,388.0000,113.0000,124.0000,2.0000,0.0000,0.0000,0.0000,0.0000,0.0000,0.0000,0.0000,0.0000,0.0000,0.0000,0.0000,0.0000,0.0000,0.0000,0.0000,0.0000,0.0000,0.0000,0.0000,0.0000,0.0000,0.0000,0.0000,0.0000,4tln
10.1700,4481.0000,1205.0000,1411.0000,12.0000,548.0000,141.0000,166.0000,2.0000,1235.0000,335.0000,397.0000,5.0000,0.0000,0.0000,0.0000,0.0000,193.0000,52.0000,60.0000,1.0000,0.0000,0.0000,0.0000,0.0000,0.0000,0.0000,0.0000,0.0000,0.0000,0.0000,0.0000,0.0000,0.0000,0.0000,0.0000,0.0000,4tmn
6.0200,3865.0000,926.0000,1422.0000,0.0000,625.0000,149.0000,230.0000,0.0000,623.0000,146.0000,228.0000,0.0000,0.0000,0.0000,0.0000,0.0000,0.0000,0.0000,0.0000,0.0000,0.0000,0.0000,0.0000,0.0000,0.0000,0.0000,0.0000,0.0000,0.0000,0.0000,0.0000,0.0000,0.0000,0.0000,0.0000,0.0000,5er1
2.3700,1003.0000,303.0000,345.0000,0.0000,536.0000,158.0000,184.0000,1.0000,893.0000,252.0000,280.0000,0.0000,0.0000,0.0000,0.0000,0.0000,162.0000,42.0000,51.0000,0.0000,0.0000,0.0000,0.0000,0.0000,0.0000,0.0000,0.0000,0.0000,0.0000,0.0000,0.0000,0.0000,0.0000,0.0000,0.0000,0.0000,6rnt
8.6400,3338.0000,800.0000,724.0000,22.0000,252.0000,62.0000,56.0000,2.0000,477.0000,119.0000,106.0000,3.0000,225.0000,56.0000,55.0000,1.0000,0.0000,0.0000,0.0000,0.0000,0.0000,0.0000,0.0000,0.0000,482.0000,113.0000,100.0000,1.0000,202.0000,49.0000,52.0000,2.0000,0.0000,0.0000,0.0000,0.0000,6std
13.9600,4476.0000,1344.0000,1426.0000,0.0000,283.0000,91.0000,89.0000,0.0000,1352.0000,415.0000,450.0000,0.0000,0.0000,0.0000,0.0000,0.0000,194.0000,61.0000,60.0000,0.0000,0.0000,0.0000,0.0000,0.0000,0.0000,0.0000,0.0000,0.0000,0.0000,0.0000,0.0000,0.0000,0.0000,0.0000,0.0000,0.0000,7cpa
9.1500,3459.0000,1012.0000,1104.0000,0.0000,282.0000,94.0000,88.0000,0.0000,1355.0000,427.0000,450.0000,0.0000,0.0000,0.0000,0.0000,0.0000,193.0000,58.0000,64.0000,0.0000,0.0000,0.0000,0.0000,0.0000,0.0000,0.0000,0.0000,0.0000,0.0000,0.0000,0.0000,0.0000,0.0000,0.0000,0.0000,0.0000,8cpa
