3pce,2.00
3gv9,2.12
4tim,2.16
3l7d,2.18
1uto,2.27
1ps3,2.28
3kgq,2.30
3mhw,2.30
1qi0,2.35
1nwl,2.39
3dxg,2.40
3mfv,2.52
3b3s,2.55
3fk1,2.62
2fzc,2.70
3bra,2.70
2qwb,2.74
3fcq,2.77
3lka,2.82
3imc,2.96
3adv,3.03
1y1z,3.08
2xdl,3.10
1lbk,3.18
1bcu,3.28
1d7j,3.30
1jys,3.52
2v00,3.66
3pcn,3.66
1loq,3.70
3n7a,3.70
2r23,3.72
2v2h,3.77
2osf,3.83
2rkm,3.90
3jvk,3.93
2wec,3.96
2x96,4.03
2w66,4.05
1n2v,4.08
2exm,4.11
3ozt,4.13
3cft,4.19
3f3a,4.19
2qmj,4.21
3f80,4.22
1a30,4.30
1w3k,4.30
1z95,4.30
3l7a,4.33
1sv3,4.35
2pu2,4.43
3hec,4.47
3h30,4.53
3iub,4.54
2yhd,4.64
1vso,4.72
1q8t,4.76
3acw,4.76
1str,4.77
2qwd,4.85
3cj2,4.85
2brb,4.86
1p1q,4.89
2j77,4.89
3d4z,4.89
2gss,4.94
3gy4,5.10
1o0m,5.15
1pb8,5.15
1ft7,5.18
3ov1,5.20
1zea,5.22
2zxd,5.22
2qft,5.26
1c88,5.29
1lvu,5.32
1adl,5.36
1gpk,5.37
1trd,5.40
2wca,5.60
3u5j,5.61
2bmk,5.62
3n86,5.64
2h3e,5.70
2b1v,5.74
2pgz,5.74
1o5b,5.77
2y5h,5.79
3ehy,5.85
1b9j,5.96
1jq8,6.00
1xgj,6.00
3l4w,6.00
3nex,6.00
3f3c,6.02
1os0,6.03
1nc1,6.12
3kme,6.14
2i4j,6.16
1yc1,6.17
1pbq,6.27
3bfu,6.27
1w3l,6.28
3ckp,6.35
1lol,6.39
2g9q,6.40
2j78,6.42
1r5y,6.46
1g74,6.52
3jvs,6.54
5er2,6.57
2zb0,6.62
3ie3,6.68
2x91,6.74
2rfh,6.82
3s8o,6.85
2zcr,6.87
3oe5,6.88
3cow,6.90
3gbb,6.90
1b39,6.92
1swr,6.92
2d3u,6.92
1fki,7.00
2pow,7.20
3pcj,7.22
1kel,7.28
2cgr,7.28
2vvn,7.30
3mxf,7.31
1xh6,7.32
3kv2,7.32
2y71,7.37
1bxq,7.38
2qwe,7.48
3l4u,7.52
1d09,7.57
1ftm,7.61
1c1v,7.64
3sjf,7.64
2arm,7.68
2zjw,7.70
3f3e,7.70
1txr,7.74
2zwz,7.79
1u1b,7.80
1v48,7.80
1o3f,7.96
2qe4,7.96
3b92,8.00
3cyx,8.00
1b7h,8.02
2cet,8.02
2pq9,8.11
1nvq,8.25
1h23,8.35
2qbp,8.40
2xbv,8.43
2g5u,8.49
2wn9,8.52
3ejr,8.57
3f17,8.63
1jyq,8.70
2nnq,8.70
3ge7,8.70
2zcq,8.82
3e93,8.85
2xej,8.87
1j37,8.96
2p4y,9.00
3nw9,9.00
3gnw,9.10
1sqa,9.21
3fv1,9.30
4er2,9.30
2yki,9.46
1re8,9.52
2g94,9.52
3g0w,9.52
1fkb,9.70
3e8r,9.74
3pe2,9.76
3rdo,9.85
1e66,9.89
2xmy,9.96
1bxo,10.00
1igj,10.00
4tmn,10.17
2p15,10.30
1if7,10.52
2zx6,10.60
1b8o,10.64
2xeg,10.70
1x1z,11.06
1mq6,11.15
2x00,11.33
6cpa,11.52
1y6q,11.70
2i4x,11.72
1sl3,11.85
