1a1e,6.00
1a4k,8.00
1a4r,6.66
1a4w,5.92
1a8i,5.52
1a94,7.85
1a99,5.70
1a9m,6.92
1aaq,8.40
1add,6.74
1ado,6.00
1afk,6.62
1afl,6.28
1ai4,2.50
1ai7,4.09
1aid,4.82
1aj7,3.87
1ajn,2.63
1ajv,7.72
1ajx,7.91
1alw,6.52
1amk,4.30
1amw,4.54
1apv,9.00
1atl,6.28
1ax0,3.13
1axz,3.20
1b05,7.12
1b0h,6.70
1b1h,7.03
1b2h,4.54
1b32,7.10
1b38,6.60
1b3f,6.89
1b3g,6.70
1b3h,6.21
1b3l,5.89
1b40,7.28
1b46,5.28
1b4h,5.46
1b4z,5.23
1b51,7.37
1b52,7.12
1b55,7.40
1b58,6.59
1b5h,6.01
1b5i,7.05
1b5j,7.43
1b6h,7.82
1b6j,7.92
1b6k,8.74
1b6l,8.30
1b6m,8.40
1b8n,10.52
1b8y,7.85
1bai,7.70
1bcd,8.70
1bcj,3.70
1bdq,6.34
1bgq,8.57
1bhf,4.38
1bhx,6.84
1bju,4.80
1bjv,5.54
1bm7,7.52
1bn1,9.34
1bn3,9.89
1bn4,9.31
1bnn,10.00
1bnq,9.49
1bnt,9.80
1bnu,9.70
1bnv,8.77
1bnw,9.08
1bp0,5.40
1bq4,5.22
1br6,3.22
1bv7,9.30
1bv9,9.96
1bwa,8.60
1bwb,8.42
1bxr,3.40
1byk,5.00
1bzc,4.92
1bzj,4.66
1bzy,8.34
1c1r,7.63
1c1u,8.25
1c2t,6.59
1c3e,6.59
1c3x,3.68
1c4u,10.37
1c5c,6.96
1c5n,4.70
1c5o,3.49
1c5p,4.68
1c5q,6.36
1c5s,6.00
1c5t,4.10
1c5x,6.68
1c5y,4.20
1c5z,4.01
1c70,10.30
1c83,4.85
1c84,5.00
1c86,4.70
1c87,4.20
1cbx,6.35
1ceb,6.00
1cet,2.89
1cgl,6.87
1ch8,7.00
1ciz,7.44
1cnw,7.72
1cnx,7.37
1cny,7.85
1cps,6.66
1ct8,6.52
1ctt,4.52
1ctu,11.92
1d2e,6.00
1d3d,9.09
1d3p,7.39
1d4h,10.00
1d4i,8.85
1d4j,8.36
1d4k,9.22
1d4l,8.77
1d4p,6.30
1d4y,11.10
1d6v,6.17
1d6w,5.96
1d7i,3.60
1d9i,9.11
1dar,4.96
1db1,9.26
1dfo,6.70
1dhj,6.55
1dif,10.66
1dl7,6.49
1dmp,9.55
1dqn,8.00
1dqx,11.05
1drj,7.40
1drk,6.82
1drv,6.54
1dud,4.82
1duv,11.80
1dy4,4.36
1dzk,6.10
1e1x,5.89
1e2k,4.94
1e2l,4.29
1e3v,4.34
1e4h,8.41
1e5j,4.00
1e6q,3.15
1e6s,3.22
1eb2,6.01
1ebg,10.82
1ebw,9.05
1eby,9.70
1ebz,9.40
1ec0,8.49
1ec1,8.92
1ec2,10.00
1ec3,9.04
1ec9,3.10
1ecq,3.00
1ecv,4.85
1efy,8.22
1egh,5.70
1eix,11.06
1ejn,5.62
1elc,6.66
1eld,6.70
1ele,6.85
1elr,4.96
1enu,5.08
1eoc,6.05
1epo,7.96
1erb,8.10
1ew8,2.26
1ew9,3.22
1ex8,6.33
1ez9,5.10
1ezq,9.05
1f0r,7.66
1f0s,7.74
1f0t,6.00
1f0u,7.16
1f3e,6.70
1f4x,5.59
1f57,5.64
1f5l,5.28
1f73,2.39
1f74,3.05
1f8b,5.40
1f8c,7.40
1f8d,3.40
1f8e,4.82
1fao,7.37
1fch,7.15
1fcy,8.52
1fhd,6.82
1fiv,6.59
1fjs,9.96
1fkf,9.40
1fkg,8.00
1fkh,8.15
1fkw,5.05
1fl3,6.80
1fm9,9.00
1fo0,5.59
1fpc,7.00
1fq5,8.40
1fv0,5.93
1fzm,7.70
1fzo,7.89
1fzq,7.62
1g1d,9.44
1g2k,7.96
1g2l,7.24
1g2o,10.55
1g30,6.85
1g32,6.11
1g35,8.14
1g36,7.17
1g3b,5.74
1g3c,5.80
1g3d,5.55
1g3e,5.38
1g45,8.64
1g46,8.80
1g48,8.41
1g4j,8.70
1g4o,8.25
1g52,9.54
1g53,9.04
1g54,8.82
1g7g,6.60
1g7v,6.40
1g85,5.48
1g98,5.70
1g9r,5.70
1gaf,8.00
1gai,8.00
1gar,10.00
1gcz,5.13
1ghv,4.35
1ghw,4.20
1ghy,8.10
1ghz,4.80
1gi1,5.47
1gi4,7.19
1gi7,4.51
1gj6,7.00
1gj7,7.89
1gj8,6.96
1gja,5.42
1gjc,6.35
1gjd,5.22
1gnm,6.25
1gnn,5.68
1gno,7.70
1gpn,6.48
1grp,3.72
1gu1,4.52
1gvw,6.96
1gvx,7.22
1gwv,2.57
1gyx,2.48
1gyy,3.64
1gz3,3.70
1gz4,3.70
1gz9,3.51
1gzc,3.49
1h0a,5.44
1h1d,8.22
1h1p,4.92
1h1s,8.22
1h22,9.10
1h2t,7.89
1h46,3.57
1h4w,4.66
1h5v,3.93
1h6h,5.30
1hbv,6.37
1hdq,5.82
1hee,5.34
1hi3,4.19
1hi5,4.04
1hih,8.05
1hii,7.28
1hlk,5.00
1hmr,6.55
1hms,6.37
1hmt,5.79
1hn4,3.82
1hnn,6.24
1hos,8.55
1hp5,6.55
1hpo,9.22
1hps,9.22
1hpv,9.22
1hpx,11.26
1hsh,9.42
1hsl,7.19
1hvh,7.96
1hvi,10.92
1hvj,11.40
1hvk,10.96
1hvl,9.95
1hvr,9.51
1hvs,10.30
1hwr,8.33
1hxb,9.92
1hxw,10.82
1hyo,4.07
1i00,6.34
1i1e,5.03
1i5r,8.52
1i7z,6.40
1i80,6.41
1i8i,7.66
1i9l,8.48
1i9m,8.48
1i9n,8.66
1i9o,8.42
1i9p,8.41
1i9q,8.41
1icj,2.22
1if8,9.64
1igb,6.40
1ii5,6.62
1iih,2.89
1iiq,7.48
1ik4,7.41
1ikt,3.40
1ivp,7.52
1iy7,6.19
1izh,7.70
1izi,6.59
1j01,6.47
1j14,4.49
1j36,7.74
1j4r,7.72
1jak,5.57
1jao,5.92
1jcx,5.15
1jet,7.25
1jeu,6.82
1jev,6.89
1jfh,2.05
1jgl,8.70
1jlr,3.33
1jmf,5.77
1jmg,6.07
1jmi,6.06
1jn4,4.95
1jqy,4.92
1jsv,5.70
1jzs,6.60
1k1i,6.58
1k1j,7.55
1k1l,6.90
1k1m,7.40
1k1n,6.82
1k1y,3.22
1k21,8.38
1k22,8.40
1k27,9.00
1k4h,5.11
1k6c,7.48
1k6p,7.36
1k6t,7.62
1k6v,6.92
1kav,5.82
1kc7,5.52
1kdk,9.05
1kjr,6.06
1kmy,5.10
1koj,6.70
1kpm,5.80
1ksn,9.40
1kug,3.80
1kui,3.77
1kuk,3.91
1kyv,5.92
1kzk,10.39
1kzn,8.92
1l6m,8.10
1l83,3.40
1laf,7.85
1lag,6.30
1lah,7.52
1lan,7.22
1lbf,7.85
1lcp,6.64
1lee,7.74
1lf2,7.52
1lgt,6.10
1lgw,4.00
1li2,4.04
1li3,4.25
1li6,3.80
1lke,7.52
1lkk,6.85
1lkl,5.81
1lnm,8.70
1lor,11.06
1lpg,7.09
1lpk,7.55
1lpz,7.60
1lrh,6.82
1lst,7.85
1lyb,11.42
1lyx,4.54
1lzq,8.39
1m0b,8.82
1m0o,2.31
1m1b,4.66
1m2p,6.11
1m2r,6.46
1m2x,4.15
1m48,5.09
1m4h,9.52
1m5w,4.27
1m7d,6.23
1m7i,5.40
1m7y,10.96
1m83,3.40
1mai,6.68
1mes,7.70
1met,9.40
1mfa,5.04
1mfd,5.31
1mfi,5.59
1mh5,9.21
1mjj,8.74
1mmq,7.52
1mmr,5.40
1moq,3.46
1mq5,9.00
1mrn,4.52
1mrs,3.96
1mrw,9.70
1mrx,7.26
1msm,10.48
1msn,9.09
1mtr,8.40
1mu6,8.38
1mu8,9.00
1mue,8.64
1n0s,7.45
1n1m,5.70
1n3i,8.89
1n46,10.52
1n4h,6.55
1n4k,10.05
1n51,4.85
1n5r,5.66
1n7m,5.71
1n8v,6.03
1nc3,5.00
1ndv,5.92
1nf8,7.82
1nfu,7.74
1nfw,8.96
1nfx,8.52
1nh0,9.74
1njc,5.55
1njd,5.57
1njs,7.82
1nki,6.70
1nl9,5.96
1nli,3.59
1nm6,10.05
1no6,4.41
1nq7,6.80
1nt1,8.89
1nu3,4.00
1nvr,8.11
1nvs,7.82
1nw4,9.07
1nw5,5.21
1nw7,5.09
1nz7,7.12
1o0f,5.30
1o0n,4.09
1o1s,7.31
1o2h,7.17
1o2j,6.92
1o2n,6.09
1o2o,6.36
1o2q,7.68
1o2r,5.21
1o2s,5.47
1o2w,5.85
1o2z,6.11
1o30,6.77
1o33,5.74
1o35,5.00
1o36,5.96
1o38,6.82
1o3d,7.13
1o3i,7.30
1o3j,6.77
1o3l,6.54
1o5a,6.42
1o5c,5.22
1o5e,5.74
1o5g,4.96
1o5r,8.12
1o7o,4.49
1o86,9.57
1oar,7.40
1oau,7.70
1oba,2.44
1obx,5.72
1ocq,5.19
1od8,5.10
1odi,4.21
1odj,4.10
1oe8,5.52
1ofz,4.62
1ogd,3.03
1ogg,5.19
1ogx,6.09
1ogz,5.85
1ohr,8.70
1oif,7.72
1okl,6.03
1oko,4.54
1olx,4.33
1ony,6.77
1onz,5.10
1ork,8.81
1os5,6.85
1oss,4.79
1owe,6.20
1owh,7.40
1oxr,5.19
1oyq,6.96
1oyt,7.24
1oz0,7.70
1p19,4.11
1p1n,6.80
1p1o,5.76
1p57,4.40
1pa9,4.60
1pdz,3.70
1pfu,2.72
1pgp,5.70
1phw,3.30
1pkx,6.92
1pme,9.40
1pot,5.49
1ppc,6.16
1pph,5.92
1ppi,5.01
1ppk,7.66
1ppl,8.55
1pro,11.30
1pvn,9.82
1px4,3.23
1pxn,7.15
1pxp,6.66
1pyn,5.49
1pzi,4.22
1pzo,3.32
1pzp,3.31
1q1g,8.57
1q54,5.85
1q5k,7.42
1q65,5.46
1q72,6.85
1q84,11.05
1q8u,5.96
1q8w,5.24
1q91,4.15
1q95,7.57
1qan,4.48
1qaw,5.12
1qb1,6.77
1qb6,6.06
1qb9,7.44
1qbn,5.85
1qbo,7.74
1qbq,8.30
1qbr,10.57
1qbs,9.47
1qbt,10.62
1qbu,10.24
1qbv,5.39
1qf0,7.38
1qf1,7.32
1qf2,5.92
1qft,8.77
1qhc,7.57
1qin,8.00
1qji,4.85
1qk3,5.15
1qk4,4.21
1qka,5.92
1qkb,7.35
1qkt,9.04
1ql7,5.00
1ql9,5.35
1qxk,5.05
1qxl,7.96
1qy1,6.52
1qy2,5.74
1qyg,6.85
1r0p,8.00
1r1h,8.92
1r1j,8.64
1r4w,4.05
1r6n,7.40
1r9l,5.40
1rbp,6.72
1rd4,7.74
1rmz,8.00
1ro6,6.46
1ro7,3.18
1rp7,8.52
1rpj,6.48
1rql,2.75
1rr6,10.25
1s38,5.15
1s5z,3.21
1s63,9.05
1s89,5.24
1sb1,6.89
1sbg,7.74
1sbr,5.00
1sdt,9.27
1sdu,10.07
1sdv,8.74
1sgu,5.37
1sh9,6.03
1siv,8.08
1sld,6.57
1sln,6.64
1sqo,7.46
1sqt,6.20
1sr7,10.10
1srg,5.30
1ssq,6.00
1stc,8.10
1sts,5.00
1sw1,7.30
1sw2,7.22
1swg,7.36
1syi,5.44
1szd,4.54
1t31,8.64
1t32,7.42
1t4v,7.68
1t5f,4.22
1t7d,6.03
1t7j,8.70
1ta6,9.13
1tcw,6.02
1tcx,6.95
1td7,4.37
1thz,5.15
1tjp,4.42
1tkb,8.00
1tlp,7.55
1tng,2.93
1tnh,3.37
1tni,4.00
1tog,3.22
1tom,8.30
1tpw,3.30
1tq4,6.19
1tuf,4.05
1tx7,4.60
1tys,5.49
1u0g,6.15
1u1w,5.85
1ua4,4.22
1ucn,5.22
1udt,9.30
1ugp,2.89
1ugw,3.09
1ugx,5.91
1uho,9.22
1ui0,7.06
1uj5,3.05
1uj6,3.05
1uml,7.52
1uou,7.70
1upf,4.60
1ur9,5.77
1urg,5.82
1usi,6.74
1usk,6.40
1usn,7.74
1utc,4.55
1utj,3.84
1utl,2.47
1utm,3.01
1utn,3.49
1uv6,5.12
1uvt,7.64
1uw6,7.34
1uwf,6.82
1uwu,5.98
1uz1,6.89
1uz4,3.40
1uz8,4.96
1v0k,5.10
1v0l,7.55
1v11,3.98
1v1j,4.82
1v1m,3.94
1v2j,3.25
1v2k,6.19
1v2l,4.29
1v2n,5.90
1v2r,3.55
1v2s,4.17
1v2t,4.71
1v2u,3.37
1v2w,4.01
1v7a,8.01
1vyf,8.05
1vyg,8.00
1w0z,7.68
1w11,8.22
1w13,8.70
1w3j,6.32
1w4o,5.22
1w4p,4.74
1w4q,5.26
1w5v,8.15
1w5w,8.80
1w5x,8.40
1w5y,8.48
1w7g,5.10
1w96,8.41
1w9u,6.09
1w9v,6.34
1wc1,4.00
1wcq,6.26
1wdn,6.30
1wei,9.00
1wht,3.70
1wm1,6.30
1wn6,4.68
1ws1,9.55
1ws4,3.00
1ws5,3.03
1wuq,8.27
1wur,6.66
1wvj,6.73
1x38,8.77
1x39,9.22
1x8d,2.21
1x8j,6.96
1x8r,6.12
1x8t,7.80
1xap,8.70
1xbo,6.04
1xd0,7.12
1xff,4.82
1xge,4.68
1xgi,4.85
1xh4,7.47
1xh5,5.47
1xh9,7.77
1xhy,6.18
1xjd,9.48
1xk5,6.00
1xk9,6.85
1xka,6.88
1xkk,8.52
1xow,9.28
1xpz,7.08
1xq0,6.34
1xr8,6.70
1xr9,7.15
1xt8,6.85
1xug,7.05
1y0l,9.00
1y20,5.32
1y3n,5.55
1y3p,4.82
1y3v,5.64
1y3x,5.14
1y6r,10.11
1yc4,6.55
1yda,6.55
1ydb,8.24
1ydd,7.07
1ydk,5.89
1ydr,5.52
1yds,5.92
1yei,7.46
1yej,7.46
1yfz,4.35
1yp9,5.11
1ype,8.10
1ypg,8.00
1ypj,7.02
1yqj,8.14
1yqy,7.62
1yvm,6.40
1z1h,8.40
1z1r,9.22
1z3t,3.94
1z3v,4.11
1z4o,4.52
1z6e,9.72
1z6s,4.34
1z71,9.18
1z9g,5.64
1zdp,5.74
1ze8,7.68
1zgi,5.34
1zhy,6.52
1zog,7.15
1zoh,7.00
1zp8,8.77
1zpa,8.40
1zsf,9.92
220l,3.40
223l,3.40
2a4m,4.52
2a5b,3.93
2a5c,4.62
2a8g,3.69
2aac,2.22
2afw,4.77
2afx,5.15
2aj8,6.20
2am4,3.72
2amt,4.44
2ans,5.92
2aoc,4.89
2aod,5.66
2aoe,7.62
2aog,6.28
2aqu,9.32
2ate,7.07
2avm,5.70
2avo,8.85
2avq,4.39
2avs,7.57
2avv,9.26
2b07,6.43
2b1g,6.64
2b1i,6.82
2b4l,4.77
2b9a,8.05
2bal,6.31
2bes,4.24
2bet,2.77
2bfq,6.89
2bfr,5.25
2bo4,4.61
2boh,8.52
2boj,5.77
2bpv,7.67
2bpy,7.40
2bq7,7.05
2bqv,8.05
2br1,5.14
2bt9,6.19
2buv,4.00
2bvd,6.00
2bvr,3.70
2bvs,4.10
2byr,8.55
2bys,9.52
2bza,2.80
2c1p,5.40
2c3l,5.07
2c80,5.33
2c92,5.68
2c94,6.82
2c97,6.14
2ca8,4.66
2cbj,8.27
2cbu,5.68
2cbv,5.48
2cbz,3.93
2cc7,8.01
2ccb,7.45
2ccc,7.76
2ce9,6.03
2cej,8.62
2cen,8.30
2ces,7.25
2cex,4.70
2cf8,8.10
2cf9,7.82
2cgf,6.41
2cht,5.52
2cia,6.43
2cle,3.55
2clh,4.06
2cli,4.30
2clk,3.79
2cn0,7.66
2csn,4.41
2d1n,8.15
2doo,7.17
2dri,6.89
2dua,4.77
2dw7,4.70
2e1w,7.96
2e27,9.35
2e2p,4.74
2e2r,8.26
2e5y,5.85
2e7f,6.10
2e7l,7.54
2e91,6.59
2e92,6.89
2e94,8.00
2eg7,5.89
2eg8,4.50
2epn,7.22
2er6,7.22
2erz,5.66
2euk,6.60
2eum,6.70
2evl,6.70
2ewa,7.94
2ewb,6.10
2ews,6.62
2ez7,4.36
2f1g,7.54
2f2h,5.70
2f34,6.89
2f35,5.40
2f5t,5.17
2f6t,4.62
2f7i,7.10
2f7o,7.44
2f7p,6.60
2f81,10.52
2f8g,8.70
2fgu,9.18
2fgv,6.12
2fle,7.85
2flr,6.10
2fmb,8.70
2fpz,3.96
2fqo,6.43
2fqt,6.14
2fqw,6.68
2fqx,7.15
2fqy,6.57
2fu8,4.70
2fvd,8.52
2fw6,2.92
2fx6,3.70
2fxs,6.06
2fxu,8.15
2fxv,5.35
2fzg,3.38
2fzk,3.60
2g70,7.77
2g71,7.46
2g72,6.50
2gh9,6.00
2gj5,8.32
2gkl,5.35
2gl0,4.82
2glp,5.01
2gst,6.07
2gsu,3.59
2gv6,7.34
2gv7,7.85
2gvj,9.52
2gvv,3.90
2gyi,7.00
2gz2,5.22
2gzl,4.82
2h15,5.67
2h21,6.54
2h4g,6.52
2h4k,5.49
2h4n,8.70
2h5a,5.10
2h6b,5.39
2h6q,5.11
2h6t,7.22
2ha2,4.66
2ha3,3.03
2ha5,4.34
2ha6,4.32
2hah,8.00
2haw,4.92
2hb1,3.80
2hb3,11.35
2hf8,5.47
2hhn,7.49
2hjb,4.39
2hkf,6.38
2hmu,7.70
2hmv,7.70
2hs1,8.48
2hs2,8.31
2hu6,3.81
2hw2,2.97
2hxm,5.22
2hzl,6.57
2hzy,7.39
2i0a,11.40
2i19,7.80
2i2b,2.44
2i2c,4.70
2i3h,7.40
2i3i,7.30
2i4d,11.68
2i4u,11.57
2i4v,11.20
2i4w,11.59
2i4z,5.70
2i6b,7.17
2i80,5.40
2idw,8.89
2ieo,8.49
2igv,2.23
2ihj,4.59
2ihq,8.49
2iko,5.45
2il2,7.10
2isw,7.43
2itk,7.69
2iuz,5.55
2iwx,6.68
2izl,6.00
2j27,3.52
2j2u,7.33
2j34,7.82
2j47,5.41
2j4g,6.60
2j4i,9.00
2j62,11.34
2j75,6.65
2j79,5.96
2j7b,6.62
2j7d,7.13
2j7e,7.32
2j7f,6.35
2j7g,7.00
2j7h,7.19
2j94,6.27
2j95,8.40
2j9n,4.70
2jdh,6.51
2jdk,6.54
2jdm,5.40
2jdn,5.56
2jdp,6.60
2jds,8.20
2jdu,6.72
2jdy,4.37
2jew,6.69
2jf4,8.15
2jfh,3.06
2jfz,5.24
2jg0,7.82
2jgs,6.62
2jh0,8.70
2jh5,6.44
2jh6,7.77
2jiw,4.59
2jjb,7.92
2jke,4.23
2jkh,8.05
2jkp,4.23
2jxr,7.05
2mas,7.52
2nmx,5.57
2nmz,8.37
2nn1,5.82
2nn7,6.52
2nn8,3.59
2nnd,6.06
2nnp,8.37
2nsj,4.79
2nsl,4.68
2nt7,6.52
2nta,4.80
2o0u,5.49
2o1c,4.72
2o4j,10.10
2o4k,10.46
2o4l,9.22
2o4n,7.82
2o4p,10.72
2o4r,9.40
2o4s,10.51
2o8h,7.60
2oag,8.47
2obf,8.85
2oc2,8.52
2ogy,4.48
2oi0,7.55
2oi2,6.30
2oiq,5.00
2ojg,5.64
2ojj,8.70
2olb,5.54
2ole,7.25
2on6,6.76
2ot1,4.00
2ov4,4.74
2ovv,7.92
2ovy,8.40
2oxd,6.82
2oxn,7.44
2oxx,6.70
2oxy,6.52
2oym,5.00
2p09,6.35
2p16,10.10
2p2a,6.12
2p3a,7.96
2p3b,8.48
2p3c,7.62
2p3i,3.48
2p4j,8.96
2p4s,9.51
2p53,7.46
2p7a,6.10
2p7g,6.53
2p7z,6.58
2p95,9.37
2pbw,8.25
2pcp,8.70
2pfy,6.52
2pk5,10.70
2pk6,10.89
2pmk,5.92
2pnc,3.33
2pog,9.54
2pou,7.42
2pov,7.12
2pqb,7.20
2pqc,5.74
2pql,7.28
2pqz,5.67
2psu,7.62
2psv,7.24
2ptz,7.82
2pu1,5.85
2pv1,7.14
2pvh,6.59
2pvj,8.10
2pvk,8.30
2pvl,7.62
2pvm,6.44
2pvu,6.31
2pwc,6.57
2pwd,4.40
2pwg,4.82
2pwr,6.59
2py4,6.70
2pyi,3.75
2pym,6.82
2pyn,7.57
2pyy,4.60
2q1q,8.15
2q2a,7.41
2q54,9.01
2q55,8.69
2q5k,11.30
2q63,7.18
2q64,8.52
2q6f,5.44
2q7q,5.30
2q7y,4.30
2q88,5.80
2q89,6.30
2q8h,3.00
2q8m,4.03
2q8z,5.68
2qbq,7.44
2qbr,6.33
2qbs,6.68
2qbu,6.19
2qbw,7.25
2qci,8.34
2qd6,8.68
2qd7,9.10
2qd8,9.07
2qdt,5.19
2qfo,4.70
2qfu,4.18
2qg0,5.72
2qg2,5.40
2qhd,5.38
2qhy,7.48
2qhz,7.28
2qi0,7.38
2qi1,7.30
2qi3,10.20
2qi4,10.44
2qi5,10.85
2qi6,10.57
2qi7,10.21
2qm9,7.77
2qmg,9.15
2qnn,7.15
2qnp,6.41
2qnq,6.11
2qo8,8.47
2qoa,7.28
2qpq,6.37
2qpu,3.60
2qrg,5.18
2qrh,4.71
2qrk,4.26
2qrl,4.00
2qrm,4.03
2qrp,6.20
2qrq,5.10
2qry,8.64
2qt5,5.03
2qta,5.76
2qtg,5.08
2qtn,3.42
2qtt,4.32
2qu6,8.52
2qv7,3.66
2qw1,3.90
2qwc,3.55
2qwf,5.67
2qx0,6.11
2qzr,7.26
2r0h,3.51
2r0z,5.47
2r1y,4.51
2r2b,4.20
2r2m,7.33
2r2w,4.47
2r38,7.44
2r3t,5.85
2r3w,6.89
2r43,6.00
2r58,2.00
2r59,8.19
2r5a,2.60
2r5p,8.48
2r75,6.15
2r9w,5.10
2r9x,4.85
2ra0,7.80
2ra6,4.52
2rcb,6.79
2rcn,6.00
2reg,5.64
2rfy,5.22
2ri9,3.22
2rin,4.00
2rio,4.69
2rk7,4.05
2rk8,3.64
2rka,3.00
2rkd,2.72
2rke,4.08
2rkf,9.08
2rkg,8.09
2sim,3.42
2tmn,5.89
2tpi,4.31
2uwd,8.35
2uwl,8.40
2uwo,8.70
2uwp,6.81
2uxi,7.30
2uxz,8.48
2uy0,6.92
2uy3,3.22
2uy4,4.68
2uy5,5.49
2uyn,2.70
2uyq,5.68
2v25,5.72
2v2c,3.41
2v2q,4.15
2v2v,4.07
2v3d,3.94
2v3u,3.00
2v54,4.60
2v57,7.10
2v58,9.09
2v59,8.19
2v77,5.06
2v7a,8.30
2v7d,6.59
2v83,4.47
2v86,4.46
2v88,4.09
2v8w,6.82
2v95,8.30
2vb8,4.60
2vba,4.60
2vc7,3.36
2vc9,8.44
2ves,7.70
2vfk,3.71
2vh0,8.51
2vh6,9.70
2vhj,3.90
2vj8,8.70
2vjx,4.96
2vk2,6.89
2vk6,5.30
2vkm,8.74
2vl4,6.01
2vmc,2.94
2vmd,3.02
2vmf,5.85
2vnp,9.92
2vnt,8.00
2vo4,4.94
2vo5,4.89
2vot,7.14
2vpe,4.94
2vpn,6.72
2vpo,5.42
2vqt,6.00
2vrj,6.30
2vsl,8.40
2vt3,4.15
2vuk,3.90
2vvc,8.52
2vvp,3.40
2vvs,7.34
2vvu,8.10
2vvv,8.22
2vw1,3.52
2vw2,3.30
2vw5,8.52
2vwc,6.62
2vwl,7.02
2vwm,7.03
2vwn,8.00
2vwo,7.51
2vxn,5.00
2vyt,2.74
2vzr,4.28
2w08,3.42
2w26,9.40
2w47,4.98
2w4x,4.85
2w5g,6.07
2w67,4.96
2w7y,6.08
2w8j,2.96
2w8w,2.12
2w8y,9.09
2w9h,6.37
2wb5,9.13
2wcg,6.38
2we3,4.43
2web,5.12
2wed,6.10
2weg,6.50
2weh,5.95
2wej,6.08
2weo,6.93
2weq,5.90
2wer,7.05
2wf5,6.00
2wgj,8.70
2whp,4.00
2wjg,7.10
2wk2,6.82
2wk6,3.32
2wky,8.59
2wkz,8.77
2wl0,7.80
2wly,6.60
2wlz,4.60
2wm0,4.52
2wnc,6.32
2wnj,6.48
2wor,3.90
2wos,3.90
2wp1,3.60
2wq5,3.74
2wqp,5.51
2wr8,5.44
2wtv,8.74
2wuf,4.29
2wva,10.70
2wvt,6.12
2wvz,4.02
2wyf,4.43
2wyg,8.70
2wyj,9.00
2wzf,7.00
2wzm,5.22
2wzs,3.85
2x09,3.76
2x0y,4.60
2x2r,7.12
2x4z,8.57
2x7t,6.63
2x7u,5.27
2x8z,7.96
2x95,4.95
2x97,5.66
2xab,9.27
2xb7,9.19
2xb8,7.59
2xbp,5.02
2xbw,8.00
2xbx,7.82
2xc0,6.72
2xc4,8.05
2xd9,6.46
2xda,6.22
2xde,5.47
2xdk,3.60
2xdx,6.46
2xef,9.84
2xei,10.62
2xhm,6.80
2xht,5.96
2xj1,7.55
2xj2,7.18
2xj7,6.66
2xjg,7.82
2xjj,6.51
2xjx,9.15
2xm1,5.07
2xm2,4.62
2xn3,5.92
2xn5,6.69
2xnb,6.83
2xog,3.43
2xp7,5.77
2xpc,3.90
2xpk,11.30
2xxr,6.55
2xxt,8.05
2xxw,6.41
2xxx,6.41
2xy9,9.19
2xyd,6.82
2xys,7.42
2xyt,6.29
2y5f,8.70
2y5g,6.84
2y7i,5.54
2y7k,4.93
2y7p,5.47
2y7x,8.89
2y7z,8.70
2y80,8.05
2y81,8.70
2y82,8.40
2y9g,3.77
2ya6,5.70
2ya7,3.14
2ya8,5.75
2ybu,6.38
2ydt,5.52
2ydw,7.34
2yge,5.06
2ygf,5.09
2yix,8.48
2yk1,8.13
2ylc,7.89
2yln,7.68
2ypi,4.82
2yxj,9.30
2yz3,6.66
2z4o,9.57
2z8e,8.00
2z94,5.85
2za0,6.64
2za5,8.43
2zb1,6.32
2zc9,6.74
2zcs,8.22
2zda,8.40
2zdk,6.37
2zdl,6.40
2zdm,6.41
2zdn,6.25
2zfp,5.17
2zfs,6.54
2zft,6.52
2zgx,6.74
2zkj,5.48
2zmm,7.60
2zn7,7.89
2zpk,7.76
2zq0,6.82
2zq2,6.56
2zx7,10.49
2zx8,9.64
2zxg,8.82
2zy1,7.40
2zym,6.14
2zz1,4.54
3a1c,4.00
3a1d,4.12
3a1e,2.66
3a1s,4.83
3a2o,9.08
3a5y,7.96
3a6t,7.28
3a9i,4.15
3aaq,3.30
3aas,4.51
3aau,5.05
3acl,6.22
3acx,5.70
3afk,3.60
3ag9,8.05
3agl,7.80
3ahn,7.05
3aho,7.05
3ai8,3.81
3aid,6.86
3ama,6.53
3ao1,2.26
3ao2,3.77
3ao4,2.07
3ao5,2.23
3aqt,6.72
3axz,3.43
3b1m,8.48
3b24,4.38
3b25,6.07
3b26,6.64
3b27,5.16
3b2q,4.55
3b3c,3.98
3b3w,4.19
3b3x,3.60
3b4f,8.14
3b4p,5.40
3b50,7.55
3b5j,5.68
3b5r,8.77
3b65,9.27
3b66,8.60
3b67,8.85
3b68,8.40
3b7i,5.82
3b7j,5.17
3b7r,7.70
3bbb,7.00
3bbf,5.28
3be9,7.62
3bex,5.57
3bf1,2.52
3bft,6.49
3bgb,6.05
3bgc,5.02
3bgq,7.96
3bgs,9.42
3bgz,6.26
3bkk,6.08
3bkl,6.17
3bl0,6.92
3bl1,5.60
3bpc,4.80
3brn,8.70
3bu1,8.15
3buf,3.10
3bug,3.18
3buh,3.66
3bv9,5.36
3bva,6.52
3bvb,5.49
3bwj,6.50
3bxe,5.48
3bxf,5.54
3bxg,4.96
3bxh,4.03
3bze,6.00
3bzf,4.52
3bzi,5.74
3c2f,2.00
3c2o,3.35
3c2r,3.11
3c2u,2.90
3c4h,5.70
3c52,7.30
3c56,7.89
3c79,7.20
3c84,7.85
3c88,6.80
3c89,6.07
3c8a,6.18
3c8b,6.10
3c8e,4.15
3cct,7.56
3ccw,7.87
3ccz,7.29
3cd0,7.57
3cd5,7.90
3cd7,7.84
3cda,7.58
3cdb,7.02
3cf8,4.90
3cfn,5.00
3cj4,6.51
3cj5,6.34
3ckb,2.98
3cke,6.10
3ckz,8.72
3cl0,7.07
3cm2,6.47
3coy,6.02
3coz,5.57
3cr5,4.19
3cs7,10.68
3ctt,6.35
3cyw,7.77
3cyz,7.22
3cz1,7.26
3czv,7.80
3d0b,6.54
3d0e,8.40
3d1e,5.77
3d1x,8.66
3d1y,8.22
3d1z,8.80
3d20,8.30
3d2e,6.42
3d3x,4.16
3d4y,5.70
3d50,4.77
3d51,4.15
3d52,3.28
3d6o,4.11
3d6p,3.75
3d6q,3.76
3d78,7.64
3d7b,3.69
3d7k,4.60
3d7z,7.92
3d83,8.36
3d8w,8.15
3d8y,3.40
3d8z,3.37
3d9z,8.70
3da9,5.51
3daz,7.93
3dbu,8.06
3dc3,8.31
3dcc,8.96
3dcs,7.94
3dcw,9.00
3dd0,9.00
3dd8,7.85
3ddf,4.66
3ddg,6.00
3dgo,6.74
3djk,10.59
3djo,4.39
3djp,4.20
3djq,2.98
3djv,4.55
3djx,2.81
3dk1,9.74
3dnd,4.80
3dne,5.22
3dnj,6.82
3dnt,4.74
3dp4,7.37
3dp9,9.68
3drf,7.00
3drg,7.00
3dri,4.42
3ds9,7.39
3dsz,7.77
3dvp,5.00
3dx1,3.58
3dx2,6.82
3dx3,6.52
3dx4,7.12
3dxh,3.19
3dyo,2.30
3dzt,7.22
3e12,5.99
3e3c,5.62
3e5a,8.23
3e5u,5.85
3e6y,5.60
3e85,5.38
3e92,8.00
3eax,4.92
3eb1,4.79
3ebb,5.30
3ebh,6.32
3ebi,7.10
3ebl,6.30
3ed0,6.35
3eeb,5.89
3efs,5.34
3eft,7.92
3egt,8.90
3ehx,7.60
3ejp,8.55
3ejq,8.57
3eko,6.70
3ekr,7.52
3eks,5.70
3elc,2.69
3eqr,8.70
3ery,5.66
3evd,6.91
3ewc,7.70
3ewj,6.84
3exe,6.96
3exh,4.88
3eys,5.52
3f15,8.10
3f16,8.23
3f18,7.40
3f19,7.19
3f1a,7.21
3f33,3.34
3f34,3.16
3f37,2.62
3f3d,7.16
3f3t,4.59
3f3u,4.74
3f48,6.29
3f5j,4.28
3f5k,4.62
3f5l,3.72
3f68,5.06
3f6e,2.38
3f6g,4.72
3f70,4.85
3f78,3.10
3f7g,7.37
3f7h,7.09
3f7i,7.34
3f8c,7.68
3f8e,7.23
3f8f,6.63
3f9y,4.49
3fas,6.77
3fat,7.64
3fed,7.46
3fee,6.64
3ff3,3.57
3ffg,9.08
3ffp,7.14
3fh7,7.60
3fhb,5.70
3fj7,3.71
3fjg,3.73
3fjz,4.05
3fl5,7.28
3fqe,8.30
3fql,7.15
3fuc,9.72
3fur,8.00
3fuz,6.54
3fv2,8.11
3fv3,9.52
3fvh,6.35
3fvk,8.82
3fvl,6.07
3fvn,6.77
3fwv,5.64
3fx6,6.80
3fzn,4.01
3fzy,6.74
3g08,8.16
3g0e,7.70
3g0i,3.60
3g19,6.67
3g2h,3.82
3g2i,4.86
3g2j,4.75
3g2k,4.79
3g2l,3.87
3g2n,4.09
3g2y,2.00
3g2z,2.36
3g30,2.51
3g31,2.89
3g32,3.71
3g34,2.96
3g35,4.68
3g3r,6.48
3ga5,5.49
3gba,9.07
3gbe,5.00
3gc4,7.60
3gc5,7.26
3gcp,7.82
3gcs,7.25
3gcu,6.78
3ggu,9.77
3gi4,10.80
3gi5,11.22
3gi6,11.22
3gjw,8.30
3gk1,4.10
3gkz,8.00
3gm0,7.77
3gpo,5.30
3gqz,2.17
3gr2,2.52
3gs6,6.59
3gsm,6.48
3gst,6.72
3gt9,3.96
3gta,4.28
3gtc,2.35
3gus,6.05
3guz,4.38
3gvb,2.59
3gx0,3.48
3gxy,5.59
3gy2,5.74
3gy3,5.63
3gy7,4.52
3h1x,5.89
3h5b,10.00
3h78,4.24
3h89,7.64
3h8b,6.29
3hb4,9.05
3hcm,3.30
3hek,8.27
3hf8,6.51
3hfb,7.52
3hig,7.89
3hit,8.19
3hk1,6.17
3hkn,5.35
3hkq,5.34
3hkt,5.39
3hku,8.30
3hkw,8.64
3hky,7.10
3hl5,4.47
3hl7,7.64
3hl8,4.49
3hll,8.24
3hmo,7.52
3hmp,5.49
3hp9,4.59
3hs4,8.00
3hu3,6.89
3hub,8.09
3huc,5.99
3hv8,6.98
3hvh,8.52
3hvi,8.30
3hvj,8.70
3hvk,8.52
3hww,7.12
3hx3,8.00
3hzk,6.70
3hzm,5.52
3hzv,6.52
3i25,8.51
3i3b,2.23
3i4b,8.15
3i4y,7.05
3i51,7.70
3i5z,8.70
3i60,8.70
3i6o,10.35
3i73,5.49
3i7e,10.85
3i9g,8.96
3iae,3.89
3ibi,8.59
3ibl,7.84
3ibn,7.61
3ibu,9.15
3ies,9.92
3ifl,8.08
3ifo,7.26
3igp,7.02
3ijh,4.00
3ikd,6.75
3ikg,7.24
3ime,3.00
3iob,3.42
3ioc,3.68
3iod,4.10
3ioe,3.27
3iof,5.22
3iog,5.52
3ip5,6.22
3ip6,6.60
3ip8,2.28
3ip9,5.62
3iph,7.60
3ipq,7.57
3ipu,7.32
3iqg,4.60
3iqh,4.59
3iqi,4.41
3iqj,4.93
3iqu,4.77
3isj,3.68
3iss,6.05
3iue,5.82
3ivc,4.12
3ivg,4.30
3ivx,5.74
3iw5,6.08
3iw6,5.48
3iww,7.96
3jdw,3.60
3jrs,4.28
3jrx,9.00
3juk,4.89
3juo,5.07
3jup,5.58
3juq,4.91
3jvr,5.72
3jyr,5.54
3jzg,4.40
3jzh,3.40
3jzj,3.61
3k00,5.77
3k02,5.00
3k1j,6.40
3k2f,7.20
3k37,8.92
3k4d,5.11
3k4q,5.34
3k5i,4.70
3k5v,6.30
3k5x,6.41
3k8c,2.92
3k8o,11.07
3k8q,11.28
3k97,8.00
3k99,7.22
3kdb,9.85
3kdc,9.28
3kdd,8.46
3kdm,7.00
3kek,8.36
3kgp,2.57
3kgt,5.51
3kgu,5.92
3kiv,4.70
3kjd,8.54
3kku,5.70
3kmc,6.40
3kmx,4.82
3kmy,4.49
3kqr,4.43
3kr4,7.60
3kr8,8.10
3kwa,4.08
3kyg,7.46
3kyq,4.22
3l0v,7.64
3l1n,5.63
3l3n,8.18
3l4v,6.72
3l4x,6.89
3l4y,7.00
3l4z,6.72
3l59,3.70
3l6h,5.40
3l79,2.46
3l7b,2.40
3l7c,2.44
3lbj,4.96
3lbz,3.86
3lc3,5.23
3lcu,3.52
3lcv,4.74
3ldp,5.62
3ldq,5.36
3le9,8.22
3lea,9.10
3lgs,4.61
3lik,8.72
3lil,8.08
3lir,6.92
3liw,7.60
3ljg,7.73
3ljo,6.62
3ljz,8.14
3lk1,4.26
3lk8,7.71
3lp4,4.88
3lp7,5.44
3lpi,8.52
3lpk,9.10
3lpl,5.62
3lpp,6.22
3lq2,5.22
3lqi,5.16
3lqj,5.37
3lvw,2.67
3lxe,6.60
3lzs,10.96
3lzu,10.06
3lzv,10.59
3lzz,3.84
3m1k,5.39
3m35,7.22
3m36,9.82
3m37,9.04
3m3c,4.06
3m3e,4.43
3m3o,3.60
3m3z,5.73
3m67,6.74
3m6p,8.35
3m6r,7.49
3m89,6.16
3m8t,4.00
3m8u,4.89
3m96,7.22
3mam,4.12
3mf5,5.36
3mfw,3.52
3mhc,7.96
3mi2,7.77
3mi3,5.45
3miy,7.68
3ml2,8.05
3moe,4.30
3mof,3.07
3moh,2.84
3ms9,5.22
3mss,4.66
3mtw,7.04
3muz,3.46
3mv0,3.85
3mxd,8.83
3mxe,10.01
3myg,10.70
3myq,7.52
3mz6,7.20
3mzc,6.65
3n0h,6.21
3n0n,7.30
3n1c,5.22
3n2p,7.82
3n2u,7.84
3n2v,7.51
3n35,3.37
3n3g,7.24
3n3j,8.48
3n4b,7.02
3n76,6.85
3n7h,4.50
3n7o,7.14
3n8k,4.05
3n9r,7.15
3n9s,5.26
3nb5,7.74
3nee,5.34
3neo,5.92
3nes,5.62
3nhi,8.43
3nht,7.01
3ni5,7.55
3nik,3.45
3nim,4.75
3njq,4.89
3nkk,4.70
3nkx,5.12
3nox,8.66
3npc,8.34
3nq3,3.78
3nq9,4.03
3nsn,7.19
3nu3,9.82
3nu4,8.82
3nu5,8.35
3nu6,9.30
3nu9,9.05
3nuj,9.39
3nuo,9.80
3nx7,8.10
3ny3,4.71
3nyx,7.49
3nzk,9.27
3o56,9.10
3o5n,4.76
3o5x,5.28
3o6m,7.48
3o7u,7.28
3o84,7.24
3o9p,6.52
3obq,3.54
3obu,4.30
3obx,3.89
3ocp,7.57
3ocz,7.46
3odu,8.14
3oe4,7.47
3ohi,4.85
3ok9,11.23
3old,5.90
3omc,5.00
3omg,4.72
3ove,6.57
3ovn,2.55
3owj,6.07
3own,7.47
3oy0,8.00
3oy8,3.66
3oyq,7.99
3oys,8.05
3oyw,4.11
3ozj,5.11
3ozp,6.62
3ozr,5.15
3ozs,5.33
3p2e,6.22
3p3g,9.74
3p4v,5.10
3p58,7.60
3p5l,7.39
3p5o,7.30
3p7i,7.70
3p8p,4.55
3p8z,6.09
3p9l,5.30
3p9m,5.00
3p9t,6.20
3pb3,6.22
3pcf,6.05
3pcg,2.30
3pck,6.70
3pd8,6.46
3pd9,6.22
3pe1,9.65
3pgl,5.30
3pgu,6.70
3pju,4.88
3pn1,6.96
3pn4,6.85
3po6,7.06
3ppm,9.54
3ppp,5.22
3ppq,4.55
3ppr,2.82
3prs,7.82
3ps1,10.17
3pwd,6.66
3pwm,9.10
3pww,7.32
3pxf,4.43
3pyy,6.86
3q2j,4.18
3q44,6.31
3q7q,5.65
3qaa,11.54
3qfy,6.12
3qfz,3.24
3qgw,5.89
3qgy,7.80
3qin,6.87
3qkd,8.38
3qnd,4.85
3qox,6.57
3qps,5.60
3qqa,5.82
3qx8,2.86
3qx9,4.05
3qxt,5.22
3qxv,8.40
3qyy,5.08
3r16,7.30
3r17,6.41
3r1v,6.92
3r24,5.25
3r4m,5.92
3r4n,6.89
3r4p,7.96
3r6u,4.52
3rdq,9.31
3rdv,4.91
3rf4,6.25
3rf5,5.63
3rlb,9.92
3rlp,7.08
3rlq,7.40
3rlr,7.52
3rm4,5.77
3rm9,4.77
3roc,8.19
3rsx,4.41
3ru1,4.85
3rux,9.28
3rv4,2.30
3rwp,9.22
3ryj,7.80
3ryv,7.07
3ryx,8.14
3ryy,7.42
3ryz,8.62
3rz0,7.55
3rz1,8.74
3rz5,7.89
3rz7,8.96
3rz8,8.17
3s0b,6.49
3s0d,7.05
3s0e,6.55
3s2v,6.80
3s3v,6.23
3s71,8.64
3s72,6.40
3s73,8.70
3s75,6.82
3s76,5.05
3s77,7.21
3s78,6.47
3s8l,5.64
3s8n,6.21
3s9e,5.13
3sio,8.00
3sk2,3.61
3slz,6.99
3sm2,9.70
3sr4,6.54
3st5,11.30
3str,8.40
3sw8,4.50
3sww,8.40
3t01,4.48
3t1a,8.37
3t1l,3.26
3t1m,3.04
3t82,7.00
3t83,6.98
3t84,6.97
3t85,7.95
3t8v,6.59
3ta0,3.47
3ta1,3.25
3tao,5.14
3tcg,5.87
3td4,5.66
3tfu,3.28
3th9,7.70
3tmk,6.87
3tu7,8.09
3tza,5.50
3u5l,6.19
3ui7,9.00
3zqe,4.23
3zyu,7.00
456c,9.77
4er1,6.62
4rsk,4.32
4sga,7.30
4std,10.33
4tmk,7.70
4ts1,4.94
5std,10.49
5tmn,8.04
5tmp,7.47
5upj,7.12
5yas,3.26
6upj,6.32
7std,10.72
7upj,8.49
8a3h,4.06
966c,7.64
