3c2f,2.00
2w8w,2.12
1x8d,2.21
1ajp,2.23
3ao1,2.26
3kgq,2.30
1m0o,2.31
6rnt,2.37
3l7b,2.40
1tok,2.47
3bf1,2.52
3b3s,2.55
2r5a,2.60
3lvw,2.67
1pfu,2.72
2bet,2.77
3lka,2.82
3udh,2.85
1ugp,2.89
3alt,2.92
1f4e,2.96
4dst,2.96
1ws4,3.00
1utm,3.01
2ha3,3.03
1uj5,3.05
1ugw,3.09
3c2r,3.11
3f34,3.16
1axz,3.20
1k1y,3.22
1px4,3.23
3t1l,3.26
3tfu,3.28
1phw,3.30
1pzp,3.31
4b0b,3.33
1tnh,3.37
1toj,3.39
1m83,3.40
3d8y,3.40
2w08,3.42
1moq,3.46
3gx0,3.48
1gz9,3.51
3lcu,3.52
2cle,3.55
3dx1,3.58
2fzk,3.60
3b3x,3.60
3sk2,3.61
4agl,3.65
3pcn,3.66
3ioc,3.68
1bcj,3.70
1wht,3.70
2vfk,3.71
2am4,3.72
1f5k,3.74
3d6q,3.76
3nq3,3.78
2hb1,3.80
1hn4,3.82
2wzs,3.85
1aj7,3.87
2ctc,3.89
1slg,3.90
2vuk,3.90
1pr5,3.92
2cbz,3.93
2fpz,3.96
1v11,3.98
1lgw,4.00
2ot1,4.00
3ijh,4.00
3fzn,4.01
2x96,4.03
1r4w,4.05
3fjz,4.05
8a3h,4.06
3kwa,4.08
1c5t,4.10
1p19,4.11
3a1d,4.12
3ozt,4.13
2vt3,4.15
3sur,4.15
3qfd,4.17
3b3w,4.19
1c5y,4.20
3qx5,4.20
1pzi,4.22
2jke,4.23
1li3,4.25
2vzr,4.28
1v2l,4.29
1det,4.30
3moe,4.30
2tpi,4.31
1olx,4.33
3uvx,4.34
1dy4,4.36
3b24,4.38
3djo,4.39
1no6,4.41
3uxd,4.41
2pu2,4.43
3pxf,4.43
2v86,4.46
1qan,4.48
1hi4,4.49
3kmy,4.49
1gi7,4.51
1ctt,4.52
2ra6,4.52
3h30,4.53
1szd,4.54
3b2q,4.55
3suv,4.55
3f3t,4.59
1pa9,4.60
2v54,4.60
3d7k,4.60
1f4f,4.62
3f5k,4.62
1bzj,4.66
3ddf,4.66
2nsl,4.68
4agp,4.69
2fu8,4.70
3kiv,4.70
2qrh,4.71
3f6g,4.72
2e2p,4.74
3g2j,4.75
1str,4.77
3iqu,4.77
3g2k,4.79
3dnd,4.80
1v1j,4.82
2pwg,4.82
3a1s,4.83
1qji,4.85
3cj2,4.85
3zyf,4.85
3pju,4.88
3d4z,4.89
3juq,4.91
1jqy,4.92
3iqj,4.93
2vpe,4.94
1dar,4.96
2vjx,4.96
3zsq,4.96
1c84,5.00
1sbr,5.00
3cfn,5.00
3p9m,5.00
2d0k,5.02
1mfa,5.04
4euo,5.05
2xm1,5.07
3tb6,5.08
1kmy,5.10
2h5a,5.10
3syr,5.10
2h6q,5.11
1uv6,5.12
1gcz,5.13
3tao,5.14
1s38,5.15
3lqi,5.16
2qrg,5.18
1rnt,5.19
1o2r,5.21
1ucn,5.22
2rfy,5.22
3lq2,5.22
1b4z,5.23
1s89,5.24
2bfr,5.25
2x7u,5.27
3o5x,5.28
1o0f,5.30
3gpo,5.30
1mfd,5.31
3q1x,5.33
3k4q,5.34
3hkn,5.35
1gpk,5.37
1g3e,5.38
1qbv,5.39
1f8b,5.40
1trd,5.40
2qg2,5.40
1gja,5.42
1syi,5.44
4dju,5.44
1g7f,5.47
2r0z,5.47
2zkj,5.48
1tys,5.49
3ga5,5.49
3da9,5.51
1ydr,5.52
3iog,5.52
2y7i,5.54
1g3d,5.55
2jdn,5.56
3coz,5.57
1fo0,5.59
2wca,5.60
1ejn,5.62
3lpl,5.62
3l1n,5.63
2ojg,5.64
4deu,5.64
2erz,5.66
2pqz,5.67
2q8z,5.68
1a99,5.70
1n1m,5.70
2i4z,5.70
3eks,5.70
2qg0,5.72
3m3z,5.73
1zdp,5.74
3ivx,5.74
4a95,5.76
2xp7,5.77
2y5h,5.79
4g8v,5.80
1urg,5.82
3qqa,5.82
1o2w,5.85
2e5y,5.85
3e5u,5.85
1b3l,5.89
2tmn,5.89
4arb,5.89
1ugx,5.91
1ndv,5.92
1yds,5.92
3neo,5.92
2weh,5.95
1q8u,5.96
1uwu,5.98
1c5s,6.00
1ssq,6.00
2r43,6.00
3ddg,6.00
1eb2,6.01
3f3c,6.02
1okl,6.03
4f9u,6.03
3gus,6.05
1jmi,6.06
3sfg,6.06
3c89,6.07
2wej,6.08
1w9u,6.09
2e7f,6.10
2yay,6.10
1m2p,6.11
1x8r,6.12
2c97,6.14
2r75,6.15
1ndy,6.17
4b9k,6.17
1v2k,6.19
1sqt,6.20
1b3h,6.21
3acl,6.22
3pd9,6.22
3vh9,6.24
3bgz,6.26
1afl,6.28
2xyt,6.29
1wdn,6.30
3ebl,6.30
2pvu,6.31
2wnc,6.32
2qbr,6.33
3cj5,6.34
3ckp,6.35
1ela,6.36
1hms,6.37
2hkf,6.38
1g7v,6.40
2g9q,6.40
3s72,6.40
2qnp,6.41
3r17,6.41
2b07,6.43
2pvm,6.44
1m2r,6.46
3pd8,6.46
1gpn,6.48
4e67,6.48
2g72,6.50
2xjj,6.51
1ct8,6.52
2h4g,6.52
2zft,6.52
3uo4,6.52
1drv,6.54
3d0b,6.54
1hmr,6.55
2bok,6.55
2fqy,6.57
3sax,6.57
1b58,6.59
2e91,6.59
3t8v,6.59
2f7p,6.60
3lxe,6.60
1ii5,6.62
3ljo,6.62
3f8f,6.63
2za0,6.64
1a4r,6.66
1wur,6.66
1c5x,6.68
3ie3,6.68
1b0h,6.70
1koj,6.70
2oxx,6.70
3pgu,6.70
2vpn,6.72
3l4z,6.72
1usi,6.74
3fzy,6.74
1o30,6.77
3fas,6.77
1fl3,6.80
3fx6,6.80
1jeu,6.82
2b1i,6.82
2v8w,6.82
3dx2,6.82
2y5g,6.84
1os5,6.85
3n76,6.85
1cgl,6.87
3oe5,6.88
1uz1,6.89
2r3w,6.89
1k1l,6.90
1k6v,6.92
2uy0,6.92
2weo,6.93
1oyq,6.96
3hv8,6.98
4fbe,6.99
1zoh,7.00
3drf,7.00
3zyu,7.00
3nht,7.01
3n4b,7.02
3mtw,7.04
2wer,7.05
4e3h,7.05
2ate,7.07
3rlp,7.08
2f7i,7.10
3hky,7.10
1nz7,7.12
3dx4,7.12
2j7d,7.13
3ffp,7.14
1xr9,7.15
3n9r,7.15
2doo,7.17
1fcx,7.19
3f19,7.19
2xii,7.20
3f1a,7.21
1gvx,7.22
2h6t,7.22
3m96,7.22
4djx,7.23
3n3g,7.24
2ces,7.25
1dhi,7.26
3gc5,7.26
2ceq,7.28
3a6t,7.28
4alx,7.28
1tmn,7.30
3c52,7.30
4b1j,7.30
1ydt,7.32
2j2u,7.33
2ydw,7.34
1k6p,7.36
3dp4,7.37
1d3p,7.39
1drj,7.40
1r6n,7.40
2zy1,7.40
3vha,7.40
1t32,7.42
2bak,7.43
2f7o,7.44
1n0s,7.45
1yej,7.46
3ocz,7.46
5tmp,7.47
3o6m,7.48
2vwo,7.51
1lf2,7.52
3ekr,7.52
3rlr,7.52
1tlp,7.55
3ni5,7.55
1d09,7.57
3cd0,7.57
2fdp,7.59
2o8h,7.60
3iph,7.60
3ibn,7.61
2p3c,7.62
4dbm,7.62
3d78,7.64
3sjf,7.64
1ppk,7.66
4fbx,7.66
1ze8,7.68
2itk,7.69
1mes,7.70
2d1o,7.70
3b7r,7.70
3p7i,7.70
4tmk,7.70
1oif,7.72
1lee,7.74
1txr,7.74
2zpk,7.76
3cyw,7.77
2zwz,7.79
2ra0,7.80
3ryj,7.80
2cf9,7.82
2xbx,7.82
3cd7,7.84
1b8y,7.85
2fle,7.85
3uw5,7.85
2ylc,7.89
4b5d,7.89
2jjb,7.92
4a6c,7.92
3dcs,7.94
1g2k,7.96
2p3a,7.96
3ekw,7.96
4ap7,7.96
1fkg,8.00
1rmz,8.00
2hah,8.00
3b92,8.00
3hs4,8.00
3t0x,8.00
1b7h,8.02
2b9a,8.05
2y80,8.05
3dbu,8.06
2rkg,8.09
1ghy,8.10
2pvj,8.10
1ndz,8.11
2yi0,8.12
3ljz,8.14
2d1n,8.15
3d8w,8.15
2f80,8.18
3roc,8.19
1h1s,8.22
3le9,8.22
1ydb,8.24
2pbw,8.25
3hek,8.27
2cen,8.30
3fqe,8.30
2hs2,8.31
1bzy,8.34
2uwd,8.35
3kek,8.36
3t1a,8.37
1lzq,8.39
1fzk,8.40
1zpa,8.40
2uwl,8.40
3d0e,8.40
3zxz,8.40
1i9q,8.41
2za5,8.43
3kdd,8.46
1w5y,8.48
2yix,8.48
2ieo,8.49
3i25,8.51
1xkk,8.52
2qu6,8.52
3hvk,8.52
1hos,8.55
1bgq,8.57
3v7x,8.57
3s43,8.60
4fcf,8.62
1r1j,8.64
6std,8.64
2q55,8.69
1jyq,8.70
1w13,8.70
2h4n,8.70
2vj8,8.70
2y81,8.70
3hvj,8.70
4eo6,8.70
1mjj,8.74
4ei4,8.74
1zp8,8.77
1fkn,8.80
1ork,8.81
3fvk,8.82
2obf,8.85
1nfy,8.89
3vhc,8.89
1r1h,8.92
2p4j,8.96
4ag8,8.96
1mu8,9.00
2wyj,9.00
3u6h,9.00
1ec3,9.04
1ebw,9.05
3nu9,9.05
1bnw,9.08
1d3d,9.09
2qd7,9.10
3pwm,9.10
3su3,9.13
1z71,9.18
3vfa,9.19
1hpo,9.22
1z1r,9.22
4dv8,9.24
3b65,9.27
3rux,9.28
1udt,9.30
4er2,9.30
3vf5,9.34
1fkf,9.40
2w26,9.40
3bgs,9.42
1xjd,9.48
2bys,9.52
1g52,9.54
1ws1,9.55
1if8,9.64
3pe1,9.65
1fkb,9.70
1z6e,9.72
3pe2,9.76
1pvn,9.82
3kdb,9.85
1hxb,9.92
1hvl,9.95
1bxo,10.00
1igj,10.00
3lzu,10.06
1y6r,10.11
3t3c,10.23
2p15,10.30
1kzk,10.39
2zx7,10.49
1n46,10.52
2qi6,10.57
1qbt,10.62
2pk5,10.70
2o4p,10.72
1hxw,10.82
3utu,10.92
1dqx,11.05
3k8o,11.07
3gi5,11.22
1pro,11.30
2j62,11.34
4djo,11.52
2i4w,11.59
1duv,11.80
