3g2y,2.00
3gv9,2.12
4g0z,2.21
2igv,2.23
1uto,2.27
3mhw,2.30
1qi0,2.35
3f6e,2.38
1oba,2.44
1utl,2.47
3gr2,2.52
3ovn,2.55
3f37,2.62
3elc,2.69
2rkd,2.72
3fcq,2.77
3ppr,2.82
3qx8,2.86
3g31,2.89
3k8c,2.92
2w8j,2.96
2hw2,2.97
2q8h,3.00
4g0p,3.01
3adv,3.03
1uj6,3.05
1ec9,3.10
1ax0,3.13
1lbk,3.18
1s5z,3.21
1tog,3.22
3zsy,3.23
5yas,3.26
3zsx,3.28
1tpw,3.30
1pzo,3.32
3f33,3.34
1v2u,3.37
1bxr,3.40
1uz4,3.40
3jzh,3.40
3iob,3.42
3muz,3.46
3nyd,3.48
2r0h,3.51
3mfw,3.52
2qwc,3.55
1nli,3.59
2qpu,3.60
3g0i,3.60
1pb9,3.62
2qv7,3.66
3t2q,3.66
3isj,3.68
1gz3,3.70
2bvr,3.70
3fj7,3.71
2r23,3.72
2wq5,3.74
1kui,3.77
2clk,3.79
3t09,3.80
3g2h,3.82
2yb0,3.85
1v16,3.87
3iae,3.89
2gvv,3.90
2wor,3.90
2yim,3.92
1v1m,3.94
2wec,3.96
3b3c,3.98
1nu3,4.00
2qrl,4.00
3m8t,4.00
2wvz,4.02
3bxh,4.03
1toi,4.05
3n8k,4.05
1hyo,4.07
1ai7,4.09
1odj,4.10
1z3v,4.11
3ivc,4.12
3qto,4.13
2xg9,4.15
3sus,4.15
4b9w,4.17
3cft,4.19
1c87,4.20
1odi,4.21
1t5f,4.22
2jkp,4.23
2qrk,4.26
3f5j,4.28
2wuf,4.29
1w3k,4.30
3obu,4.30
3q5u,4.31
3l7a,4.33
1ghv,4.35
2ez7,4.36
3guz,4.38
1p57,4.40
1olu,4.41
4exs,4.41
2we3,4.43
4dsy,4.43
2r2w,4.47
2ogy,4.48
1j14,4.49
4el0,4.49
2r1y,4.51
1gu1,4.52
2wm0,4.52
1amw,4.54
2zz1,4.54
3djv,4.55
3sym,4.57
3hp9,4.59
1tx7,4.60
2vb8,4.60
3iqg,4.60
1ofz,4.62
3u90,4.62
1h4w,4.66
3mss,4.66
2uy4,4.68
1c5n,4.70
2i2c,4.70
3nkk,4.70
3ny3,4.71
3omg,4.72
2ov4,4.74
3nim,4.75
2afw,4.77
3rm9,4.77
1bju,4.80
4ago,4.81
1xff,4.82
2ypi,4.82
3r0y,4.84
1xgi,4.85
3f70,4.85
2brb,4.86
1p1q,4.89
3juk,4.89
3rdv,4.91
2haw,4.92
3uxk,4.93
4dmw,4.94
1elr,4.96
2w67,4.96
3qbc,4.97
1hlk,5.00
1sts,5.00
3dvp,5.00
1ppi,5.01
2xbp,5.02
1fkw,5.05
2v77,5.06
3juo,5.07
1m48,5.09
1od8,5.10
2qrq,5.10
3ujb,5.10
3k4d,5.11
2web,5.12
3s9e,5.13
1jcx,5.15
1thz,5.15
2f5t,5.17
4duh,5.18
2qdt,5.19
1bq4,5.22
1w4o,5.22
2wzm,5.22
3ms9,5.22
1ndw,5.23
2jfz,5.24
3r24,5.25
3tkw,5.27
1c88,5.29
1srg,5.30
3p9l,5.30
1lvu,5.32
1hee,5.34
3nee,5.34
1adl,5.36
1sgu,5.37
2qhd,5.38
2h6b,5.39
1m7i,5.40
2c1p,5.40
3b4p,5.40
2vpo,5.42
2q6f,5.44
2iko,5.45
1gi1,5.47
2xde,5.47
3bxe,5.48
2h4k,5.49
3hmp,5.49
3kgt,5.51
2cht,5.52
4de3,5.52
3bxf,5.54
1njc,5.55
1jak,5.57
3uxl,5.57
1mfi,5.59
3bl1,5.60
2bmk,5.62
3nes,5.62
3rf5,5.63
2reg,5.64
3q7q,5.65
2x97,5.66
2qwf,5.67
2uyq,5.68
1egh,5.70
1pgp,5.70
2ya6,5.70
3fhb,5.70
2v25,5.72
1g3b,5.74
2pgz,5.74
3pb7,5.74
1jmf,5.77
3d1e,5.77
1g3c,5.80
1lkl,5.81
2nn1,5.82
3qqs,5.82
1ogz,5.85
2pu1,5.85
3ehy,5.85
1e1x,5.89
3eeb,5.89
4de0,5.89
3ebp,5.91
1o0h,5.92
2ans,5.92
3r4m,5.92
1b9j,5.96
2j79,5.96
3e12,5.99
1ceb,6.00
1xk5,6.00
2rcn,6.00
3l4w,6.00
2vl4,6.01
3su6,6.02
1os0,6.03
4f9v,6.03
3iss,6.05
1kjr,6.06
1jmg,6.07
3fvl,6.07
3bkk,6.08
3p8z,6.09
2ewb,6.10
3c8b,6.10
1o2z,6.11
2fgv,6.12
2fqt,6.14
1ppc,6.16
1yc1,6.17
1xhy,6.18
2bt9,6.19
2aj8,6.20
3n0h,6.21
3ip5,6.22
1m7d,6.23
1gnm,6.25
3su4,6.26
1atl,6.28
3f48,6.29
1wm1,6.30
3k5v,6.30
3q44,6.31
2zb1,6.32
1bdq,6.34
1cbx,6.35
3ctt,6.35
1o2o,6.36
2qpq,6.37
2wcg,6.38
1i7z,6.40
2y8c,6.40
4as6,6.40
2xxw,6.41
1o5a,6.42
2cia,6.43
3pfp,6.44
1r5y,6.46
1j01,6.47
1rpj,6.48
1dl7,6.49
2weg,6.50
3cj4,6.51
1g74,6.52
2nn7,6.52
3bva,6.52
4dko,6.52
1o3l,6.54
3fuz,6.54
1hp5,6.55
2xxr,6.55
2hzl,6.57
5er2,6.57
1c2t,6.59
2pvh,6.59
1b38,6.60
2j4g,6.60
3v3q,6.60
2ews,6.62
3ozp,6.62
1lcp,6.64
3b26,6.64
1cps,6.66
2xj7,6.66
1mai,6.68
3o75,6.68
1b3g,6.70
1nki,6.70
2py4,6.70
4ewn,6.70
2xc0,6.72
4djv,6.72
2x91,6.74
3m67,6.74
1o3j,6.77
3fvn,6.77
1nq7,6.80
3s2v,6.80
1k1n,6.82
2c94,6.82
2wk2,6.82
3s75,6.82
3ewj,6.84
1q72,6.85
3pn4,6.85
2zcr,6.87
1b3f,6.89
2bfq,6.89
2vk2,6.89
3cow,6.90
1o2j,6.92
3bl0,6.92
1tcx,6.95
1x8j,6.96
3t83,6.98
1ch8,7.00
2gyi,7.00
3drg,7.00
4b6o,7.00
1ypj,7.02
3pbb,7.02
1b5i,7.05
3ahn,7.05
4h3j,7.05
3cl0,7.07
1lpg,7.09
2il2,7.10
3udd,7.10
1xd0,7.12
3hww,7.12
4arw,7.13
3n7o,7.14
1zog,7.15
1f0u,7.16
2i6b,7.17
1gi4,7.19
3nsn,7.19
3c79,7.20
3s77,7.21
1lan,7.22
3cyz,7.22
3pcj,7.22
1g2l,7.24
3o84,7.24
2ole,7.25
1mrx,7.26
3ifo,7.26
2cgr,7.28
3fl5,7.28
3ccz,7.29
2i3i,7.30
3n0n,7.30
4sga,7.30
2j7e,7.32
2r2m,7.33
3f7i,7.34
1swg,7.36
3f7g,7.37
2hzy,7.39
1f8c,7.40
1zoe,7.40
3f18,7.40
1ik4,7.41
2pou,7.42
2isw,7.43
2oxn,7.44
2ccb,7.45
2g71,7.46
4dff,7.46
1iiq,7.48
4e0w,7.48
3n2v,7.51
1lke,7.52
3hfb,7.52
2e7l,7.54
1v0l,7.55
3rz0,7.55
1q95,7.57
3ipq,7.57
2xb8,7.59
2zmm,7.60
3kr4,7.60
1fzq,7.62
2psu,7.62
1c1r,7.63
3fat,7.64
966c,7.64
2cn0,7.66
2bpv,7.67
2arm,7.68
1bai,7.70
1oau,7.70
2hmu,7.70
3ewc,7.70
3th9,7.70
3lk8,7.71
3el5,7.72
1nfu,7.74
1usn,7.74
1xh9,7.77
3dsz,7.77
1u1b,7.80
2wl0,7.80
1b6h,7.82
2j34,7.82
2xjg,7.82
3ibl,7.84
1cny,7.85
2gv7,7.85
3ccw,7.87
2zn7,7.89
4g8m,7.89
2ovv,7.92
4hbm,7.92
3t85,7.95
1hvh,7.96
2qe4,7.96
3iww,7.96
3oyq,7.99
1gaf,8.00
1tkb,8.00
2vnt,8.00
3cyx,8.00
3hx3,8.00
4a6l,8.00
2cet,8.02
2bqv,8.05
3ag9,8.05
3vbd,8.07
3hub,8.09
1l6m,8.10
2vvu,8.10
1nvr,8.11
2yk1,8.13
3odu,8.14
2fxu,8.15
3i4b,8.15
3l3n,8.18
2jds,8.20
1w11,8.22
3v5t,8.22
3hll,8.24
3ug2,8.25
4djy,8.27
2pvk,8.30
3gjw,8.30
3dc3,8.31
2qci,8.34
3m6p,8.35
3r7o,8.36
1k21,8.38
1aaq,8.40
1k22,8.40
2baj,8.40
2vsl,8.40
3el9,8.40
4aoi,8.40
1w96,8.41
3nhi,8.43
2oag,8.47
2hs1,8.48
3b1m,8.48
2ihq,8.49
1fcy,8.52
2boh,8.52
2vvc,8.52
3lpi,8.52
1ppl,8.55
1q1g,8.57
2wky,8.59
3sxf,8.60
4hf4,8.62
1t31,8.64
1i9n,8.66
1bcd,8.70
1lnm,8.70
1xap,8.70
2jh0,8.70
2wgj,8.70
3brn,8.70
3i5z,8.70
3ckz,8.72
1sdv,8.74
1bnv,8.77
2wkz,8.77
1g46,8.80
1g54,8.82
3nu4,8.82
3b67,8.85
1nt1,8.89
3zze,8.89
3k37,8.92
3dcc,8.96
1apv,9.00
1wei,9.00
3dcw,9.00
3ui7,9.00
1g53,9.04
1ezq,9.05
4e4n,9.05
2rkf,9.08
1msn,9.09
3gnw,9.10
3vf7,9.10
2qmg,9.15
2fgu,9.18
1mh5,9.21
1hps,9.22
1zvx,9.22
1db1,9.26
3nzk,9.27
3vhd,9.28
2iw4,9.30
1bn4,9.31
2e27,9.35
1ksn,9.40
4erf,9.40
3rbu,9.43
1bnq,9.49
2g94,9.52
2pog,9.54
1o86,9.57
2zx8,9.64
3dp9,9.68
1mrw,9.70
3fuc,9.72
3ggu,9.77
3m36,9.82
3rdo,9.85
1zsf,9.92
1bv9,9.96
1d4h,10.00
3h5b,10.00
1sdu,10.07
3ps1,10.17
1qbu,10.24
4djq,10.32
2qi4,10.44
5std,10.49
2f81,10.52
3djk,10.59
2xei,10.62
2wva,10.70
7std,10.72
2qi5,10.85
1hvk,10.96
1q84,11.05
1d4y,11.10
3gi6,11.22
2q5k,11.30
2hb3,11.35
4djr,11.52
2i4d,11.68
1sl3,11.85
